﻿[
  {
    "Title_en": "Ap Lei Chau Wind Tower Park",
    "Title_tc": "鴨脷洲風之塔公園",
    "Title_sc": "鸭脷洲风之塔公园",
    "District_en": "Southern",
    "District_tc": "南區",
    "District_sc": "南区",
    "Route_en": "Total Track Length: 1200 m<br>Calories consumed: 50-60 Cal",
    "Route_tc": "路徑總長度：1200 米<br>消耗卡路里：50-60 卡路里",
    "Route_sc": "路径总长度：1200 米<br>消耗卡路里：50-60 卡路里",
    "HowToAccess_en": "MTR: Lei Tung Station Exit A1<br>Bus: 90, 90B, 90C, 91, 91A, 93, 93C, 95C, 95P, 95, 99, 171, 590, 592, 595, 671<br>Public Light Bus: 27, 27A, 29, 29A, 36, 36X, 37, 37A, 63",
    "HowToAccess_tc": "港鐵 ： 利東站A1出口<br>巴士：90, 90B, 90C, 91, 91A, 93, 93C, 95C, 95P, 95, 99, 171, 590, 592, 595, 671<br>小巴： 27, 27A, 29, 29A, 36, 36X, 37, 37A, 63\n",
    "HowToAccess_sc": "港铁： 利东站A1出口<br>巴士：90, 90B, 90C, 91, 91A, 93, 93C, 95C, 95P, 95, 99, 171, 590, 592, 595, 671<br>小巴： 27, 27A, 29, 29A, 36, 36X, 37, 37A, 63",
    "MapURL_en": "https://www.lcsd.gov.hk/en/sportforall/common/graphics/en/walk/map_01.jpg",
    "MapURL_tc": "https://www.lcsd.gov.hk/en/sportforall/common/graphics/b5/walk/map_01.jpg",
    "MapURL_sc": "https://www.lcsd.gov.hk/en/sportforall/common/graphics/b5/walk/map_01.jpg",
    "Latitude": 22.24472222,
    "Longitude": 114.1525
  },
  {
    "Title_en": "Sun Yat Sen Memorial Park to Central Pier No.7",
    "Title_tc": "中山紀念公園至中環7號碼頭",
    "Title_sc": "中山纪念公园至中环7号码头",
    "District_en": "Central and Western",
    "District_tc": "中西區",
    "District_sc": "中西区",
    "Route_en": "Total Track Length: 2430 m<br>Calories consumed: 95-115 Cal",
    "Route_tc": "路徑總長度：2430 米<br>消耗卡路里：95-115 卡路里",
    "Route_sc": "路径总长度：2430 米<br>消耗卡路里：95-115 卡路里",
    "HowToAccess_en": "MTR: 15-minute walk from Sheung Wan Station Exit D, 21-minute walk from Sai Ying Pun Station Exit A2<br>Tram: Shau Kei Wan ←→Kennedy Town  (Eastern Street Stop), 5 minutes walk from Eastern Street Pedestrian Flyover<br>Bus：1, 3A, 4X, 5, 5B, 10, 18, 43X, 90B, 94X, 930, 930A, 968\n",
    "HowToAccess_tc": "港鐵：上環站 D 出口步行約15分鐘，西營盤站A2出口步行約21分鐘<br>電車：筲箕灣 ←→ 堅尼地城(東邊街站) 由東邊街行人天橋步行約5分鐘<br>巴士：1, 3A, 4X, 5, 5B, 10, 18, 43X, 90B, 94X, 930, 930A, 968\n",
    "HowToAccess_sc": "港铁：上环站D 出口步行约15分钟，西营盘站A2出口步行约21分钟<br>电车：筲箕湾←→ 坚尼地城(东边街站) 由东边街行人天桥步行约5分钟<br >巴士：1, 3A, 4X, 5, 5B, 10, 18, 43X, 90B, 94X, 930, 930A, 968\n",
    "MapURL_en": "https://www.lcsd.gov.hk/en/sportforall/common/graphics/en/walk/map_02.jpg",
    "MapURL_tc": "https://www.lcsd.gov.hk/en/sportforall/common/graphics/b5/walk/map_02.jpg",
    "MapURL_sc": "https://www.lcsd.gov.hk/en/sportforall/common/graphics/b5/walk/map_02.jpg",
    "Latitude": 22.290402,
    "Longitude": 114.143783
  },
  {
    "Title_en": "Hong Kong Park",
    "Title_tc": "香港公園",
    "Title_sc": "香港公园",
    "District_en": "Central and Western",
    "District_tc": "中西區",
    "District_sc": "中西区",
    "Route_en": "Total Track Length: 1200 m<br>Calories consumed: 45-50 Cal",
    "Route_tc": "路徑總長度：1200 米<br>消耗卡路里：45-50 卡路里",
    "Route_sc": "路径总长度：1200 米<br>消耗卡路里：45-50 卡路里",
    "HowToAccess_en": "MTR: Admiralty Station Exit C1<br>Bus: 1, 3B, 5, 5B, 6, 6A,6X, 8X, 10, 12, 12A, 12M, 15, 15C, 23, 23A, 23B, 26, 37A, 37X, 40, 40M, 43X, M47, 66, 70M, 75, 90, 90B, 97, 101, 103, 104, 109, 111, 113, 115, 590A, 601, 603P, 619, 629, 681, 681P, 690, 720A, 789, 905, 930, 934, 935, 960, 961,962, 968, 969, 969A<br>Public Light Bus:1A, 24A, 24M\n",
    "HowToAccess_tc": "港鐵：金鐘站 C1 出口<br>巴士：1, 3B, 5, 5B, 6, 6A,6X, 8X, 10, 12, 12A, 12M, 15, 15C, 23, 23A, 23B, 26, 37A, 37X, 40, 40M, 43X, M47, 66, 70M, 75, 90, 90B, 97, 101, 103, 104, 109, 111, 113, 115, 590A, 601, 603P, 619, 629, 681, 681P, 690, 720A, 789, 905, 930, 934, 935, 960, 961,962, 968, 969, 969A<br>小巴：1A, 24A, 24M",
    "HowToAccess_sc": "港铁：金钟站C1 出口<br>巴士：1, 3B, 5, 5B, 6, 6A,6X, 8X, 10, 12, 12A, 12M, 15, 15C, 23, 23A, 23B, 26, 37A, 37X, 40, 40M, 43X, M47, 66, 70M, 75, 90, 90B, 97, 101, 103, 104, 109, 111, 113, 115, 590A, 601, 603P, 619, 629, 681, 681P, 690, 720A, 789, 905, 930, 934, 935, 960, 961,962, 968, 969, 969A<br>小巴：1A, 24A, 24M",
    "MapURL_en": "https://www.lcsd.gov.hk/en/sportforall/common/graphics/en/walk/map_03.jpg",
    "MapURL_tc": "https://www.lcsd.gov.hk/en/sportforall/common/graphics/b5/walk/map_03.jpg",
    "MapURL_sc": "https://www.lcsd.gov.hk/en/sportforall/common/graphics/b5/walk/map_03.jpg",
    "Latitude": 22.27714,
    "Longitude": 114.163813
  },
  {
    "Title_en": "Wan Chai Park",
    "Title_tc": "灣仔公園",
    "Title_sc": "湾仔公园",
    "District_en": "Wan Chai ",
    "District_tc": "灣仔區",
    "District_sc": "湾仔区",
    "Route_en": "Total Track Length: 321 m<br>Calories consumed: 10-15 Cal",
    "Route_tc": "路徑總長度：321 米<br>消耗卡路里：10-15 卡路里",
    "Route_sc": "路径总长度：321米<br>消耗卡路里：10-15 卡路里",
    "HowToAccess_en": "MTR: Wan Chai Station Exit A3<br>Bus: 1, 101, 111, 111P(Bullock Lane Stop), 37B, 37X, 75, 90, 97, 509A(Burrows Street Stop)",
    "HowToAccess_tc": "港鐵：灣仔站A3出口<br>巴士：1, 101, 111, 111P(普樂里站), 37B, 37X, 75, 90, 97, 509A(巴路士街站)",
    "HowToAccess_sc": "港铁：湾仔站A3出口<br>巴士：1, 101, 111, 111P(普乐里站), 37B, 37X, 75, 90, 97, 509A(巴路士街站)",
    "MapURL_en": "https://www.lcsd.gov.hk/en/sportforall/common/graphics/en/walk/map_04.jpg",
    "MapURL_tc": "https://www.lcsd.gov.hk/en/sportforall/common/graphics/b5/walk/map_04.jpg",
    "MapURL_sc": "https://www.lcsd.gov.hk/en/sportforall/common/graphics/b5/walk/map_04.jpg",
    "Latitude": 22.275472,
    "Longitude": 114.176008
  },
  {
    "Title_en": "Bowen Road",
    "Title_tc": "寶雲道",
    "Title_sc": "宝云道",
    "District_en": "Wan Chai ",
    "District_tc": "灣仔區",
    "District_sc": "湾仔区",
    "Route_en": "Total Track Length: 3000 m<br>Calories consumed: 155-185 Cal",
    "Route_tc": "路徑總長度：3000 米<br>消耗卡路里：155-185 卡路里",
    "Route_sc": "路径总长度：3000 米<br>消耗卡路里：115-185 卡路里",
    "HowToAccess_en": "Public Light Bus: Green Bus No. 28, drop off at Kennedy Road Monmouth Terrace",
    "HowToAccess_tc": "小巴：綠色小巴28號(堅利地道萬茂台下車)",
    "HowToAccess_sc": "小巴：绿色小巴28号(坚利地道万茂台下车)",
    "MapURL_en": "https://www.lcsd.gov.hk/en/sportforall/common/graphics/en/walk/map_05.jpg",
    "MapURL_tc": "https://www.lcsd.gov.hk/en/sportforall/common/graphics/b5/walk/map_05.jpg",
    "MapURL_sc": "https://www.lcsd.gov.hk/en/sportforall/common/graphics/b5/walk/map_05.jpg",
    "Latitude": 22.272853,
    "Longitude": 114.166083
  },
  {
    "Title_en": "Quarry Bay Park",
    "Title_tc": "鰂魚涌公園",
    "Title_sc": "鲗鱼涌公园",
    "District_en": "Eastern ",
    "District_tc": "東區",
    "District_sc": "东区",
    "Route_en": "Total Track Length: 1300 m<br>Calories consumed: 50-60 Cal",
    "Route_tc": "路徑總長度：1300 米<br>消耗卡路里：50-60 卡路里",
    "Route_sc": "路径总长度：1300 米<br>消耗卡路里：50-60 卡路里",
    "HowToAccess_en": "MTR: Taikoo Station Exit E walk about 10 mins, Sai Wan Ho Station Exit A walk to the west about 10 mins<br>Bus: 2, 2A, 18X, 77, 82, 85, 99, 102, 606, 613, 682, 722",
    "HowToAccess_tc": "港鐵：太古站E出口步行約10分鐘，西灣河站A出口向西步行約10分鐘<br>巴士：2, 2A, 18X, 77, 82, 85, 99, 102, 606, 613, 682, 722",
    "HowToAccess_sc": "港铁：太古站E出口步行约10分钟，西湾河站A出口向西步行约10分钟<br>巴士：2, 2A, 18X, 77, 82, 85, 99, 102, 606, 613, 682, 722",
    "MapURL_en": "https://www.lcsd.gov.hk/en/sportforall/common/graphics/en/walk/map_06.jpg",
    "MapURL_tc": "https://www.lcsd.gov.hk/en/sportforall/common/graphics/b5/walk/map_06.jpg",
    "MapURL_sc": "https://www.lcsd.gov.hk/en/sportforall/common/graphics/b5/walk/map_06.jpg",
    "Latitude": 22.287855,
    "Longitude": 114.222554
  },
  {
    "Title_en": "Lai Chi Kok Park",
    "Title_tc": "荔枝角公園",
    "Title_sc": "荔枝角公园",
    "District_en": "Sham Shui Po ",
    "District_tc": "深水埗區",
    "District_sc": "深水埗区",
    "Route_en": "Total Track Length: 1000 m / 600 m<br>Calories consumed: 40-50 Cal / 25-30 Cal",
    "Route_tc": "路徑總長度：1000 米 / 600米<br>消耗卡路里：40-50 卡路里 / 25-30 卡路里",
    "Route_sc": "路径总长度：1000 米 / 600 米<br>消耗卡路里：40-50 卡路里 / 25-30 卡路里",
    "HowToAccess_en": "MTR: Mei Foo Station Exit D<br>Bus: 2A, 2X, 6C, 6D, 38A, 46X, 86, 98C, 98S, 102, 102P, 886, N122, N260, N269, N237, 6, 30, 42, 45, 46, 30X, 33A, 36A, 37, 40, 41, 42A, 43C, 44, 52X, 58X, 59X, 60X, 63X, 66X, 67X, 68X, 69X, 234X, 238X, 265B, 904, 905, E21, E21A, N21, N241,",
    "HowToAccess_tc": "港鐵：美孚站D出口 <br>巴士：2A, 2X, 6C, 6D, 38A, 46X, 86, 98C, 98S, 102, 102P, 886, N122, N260, N269, N237, 6, 30, 42, 45, 46, 30X, 33A, 36A, 37, 40, 41, 42A, 43C, 44, 52X, 58X, 59X, 60X, 63X, 66X, 67X, 68X, 69X, 234X, 238X, 265B, 904, 905, E21, E21A, N21, N241\n",
    "HowToAccess_sc": "港铁：美孚站D出口 <br>巴士：2A, 2X, 6C, 6D, 38A, 46X, 86, 98C, 98S, 102, 102P, 886, N122, N260, N269, N237, 6, 30, 42, 45, 46, 30X, 33A, 36A, 37, 40, 41, 42A, 43C, 44, 52X, 58X, 59X, 60X, 63X, 66X, 67X, 68X, 69X, 234X, 238X, 265B, 904, 905, E21, E21A, N21, N241,",
    "MapURL_en": "https://www.lcsd.gov.hk/en/sportforall/common/graphics/en/walk/map_07.jpg",
    "MapURL_tc": "https://www.lcsd.gov.hk/en/sportforall/common/graphics/b5/walk/map_07.jpg",
    "MapURL_sc": "https://www.lcsd.gov.hk/en/sportforall/common/graphics/b5/walk/map_07.jpg",
    "Latitude": 22.33944444,
    "Longitude": 114.13694444
  },
  {
    "Title_en": "Kowloon Park",
    "Title_tc": "九龍公園",
    "Title_sc": "九龙公园",
    "District_en": "Yau Tsim Mong ",
    "District_tc": "油尖旺區",
    "District_sc": "油尖旺区",
    "Route_en": "Total Track Length: 900 m<br>Calories consumed: 35-45 Cal",
    "Route_tc": "路徑總長度：900 米<br>消耗卡路里：35-45 卡路里",
    "Route_sc": "路径总长度：900 米<br>消耗卡路里：30-45 卡路里",
    "HowToAccess_en": "MTR: Tsim Sha Tsui Station Exit A1 or Jordan Station Exit C1<br>Bus: 1, 1A, 2, 2C, 6, 6A, 7, 9, 13X, 26, 35A, 41A, 81C, 81P, 87D, 98D, 98P, 117R, 203, 208, 271, 219P, 219X, 224X, 234X, 259B, 260X, 268B, 269B, 281A, 296D, A21",
    "HowToAccess_tc": "港鐵：尖沙咀站A1出口或佐敦站C1出口<br>巴士：1, 1A, 2, 2C, 6, 6A, 7, 9, 13X, 26, 35A, 41A, 81C, 81P, 87D, 98D, 98P, 117R, 203, 208, 271, 219P, 219X, 224X, 234X, 259B, 260X, 268B, 269B, 281A, 296D, A21",
    "HowToAccess_sc": "港铁：尖沙咀站A1出口或佐敦站C1出口<br>巴士：1, 1A, 2, 2C, 6, 6A, 7, 9, 13X, 26, 35A, 41A, 81C, 81P, 87D, 98D, 98P, 117R, 203, 208, 271, 219P, 219X, 224X, 234X, 259B, 260X, 268B, 269B, 281A, 296D, A21",
    "MapURL_en": "https://www.lcsd.gov.hk/en/sportforall/common/graphics/en/walk/map_08.jpg",
    "MapURL_tc": "https://www.lcsd.gov.hk/en/sportforall/common/graphics/b5/walk/map_08.jpg",
    "MapURL_sc": "https://www.lcsd.gov.hk/en/sportforall/common/graphics/b5/walk/map_08.jpg",
    "Latitude": 22.301593,
    "Longitude": 114.170116
  },
  {
    "Title_en": "Tsim Sha Tsui Promenade",
    "Title_tc": "尖沙咀海濱花園",
    "Title_sc": "尖沙咀海滨花园",
    "District_en": "Yau Tsim Mong ",
    "District_tc": "油尖旺區",
    "District_sc": "油尖旺区",
    "Route_en": "Total Track Length: 683 m<br>Calories consumed:  30-35 Cal",
    "Route_tc": "路徑總長度：683 米<br>消耗卡路里：30-35 卡路里",
    "Route_sc": "路径总长度：683 米<br>消耗卡路里：30-35 卡路里",
    "HowToAccess_en": "MTR: Tsim Sha Tsui Station Exit J<br>Bus: 1R, 5A, 8P, 13X, 35A, 208, 230X, 260X, 269B\n",
    "HowToAccess_tc": "港鐵：尖沙咀站J出口<br>巴士：1R, 5A, 8P, 13X, 35A, 208, 230X, 260X, 269B",
    "HowToAccess_sc": "港铁：尖沙咀站J出口<br>巴士：1R, 5A, 8P, 13X, 35A, 208, 230X, 260X, 269B",
    "MapURL_en": "https://www.lcsd.gov.hk/en/sportforall/common/graphics/en/walk/map_09.jpg",
    "MapURL_tc": "https://www.lcsd.gov.hk/en/sportforall/common/graphics/b5/walk/map_09.jpg",
    "MapURL_sc": "https://www.lcsd.gov.hk/en/sportforall/common/graphics/b5/walk/map_09.jpg",
    "Latitude": 22.293123,
    "Longitude": 114.174814
  },
  {
    "Title_en": "Po Kong Village Road Park",
    "Title_tc": "蒲崗村道公園",
    "Title_sc": "蒲岗村道公园",
    "District_en": "Wong Tai Sin ",
    "District_tc": "黃大仙區",
    "District_sc": "黄大仙区",
    "Route_en": "Total Track Length: 650 m<br>Calories consumed:  25-30 Cal",
    "Route_tc": "路徑總長度：650 米<br>消耗卡路里：25-30 卡路里",
    "Route_sc": "路径总长度：650 米<br>消耗卡路里：25-30 卡路里",
    "HowToAccess_en": "Bus: 3B, 3D, 3M, 116, 203E<br>Public Light Bus: 19M, 33A, 33M\n",
    "HowToAccess_tc": "巴士：3B, 3D, 3M, 116, 203E<br>小巴：19M, 33A, 33M",
    "HowToAccess_sc": "巴士：3B, 3D, 3M, 116, 203E<br>小巴：19M, 33A, 33M",
    "MapURL_en": "https://www.lcsd.gov.hk/en/sportforall/common/graphics/en/walk/map_10.jpg",
    "MapURL_tc": "https://www.lcsd.gov.hk/en/sportforall/common/graphics/b5/walk/map_10.jpg",
    "MapURL_sc": "https://www.lcsd.gov.hk/en/sportforall/common/graphics/b5/walk/map_10.jpg",
    "Latitude": 22.343673,
    "Longitude": 114.204487
  },
  {
    "Title_en": "Ngau Chi Wan Park",
    "Title_tc": "牛池灣公園",
    "Title_sc": "牛池湾公园",
    "District_en": "Wong Tai Sin ",
    "District_tc": "黃大仙區",
    "District_sc": "黄大仙区",
    "Route_en": "Total Track Length: 290 m/ 210 m<br>Calories consumed:  10-15 Cal ",
    "Route_tc": "路徑總長度：290 米 / 210 米<br>消耗卡路里：10-15 卡路里",
    "Route_sc": "路径总长度：290 米 / 210 米<br>消耗卡路里：10-15 卡路里",
    "HowToAccess_en": "Bus: 3M, 3P, 10, 21, 91, 91M, 606<br>Public Light Bus: 16A, 16B, 16S\n",
    "HowToAccess_tc": "巴士：3M, 3P, 10, 21, 91, 91M, 606<br>小巴：16A, 16B, 16S",
    "HowToAccess_sc": "巴士：3M, 3P, 10, 21, 91, 91M, 606<br>小巴：16A, 16B, 16S",
    "MapURL_en": "https://www.lcsd.gov.hk/en/sportforall/common/graphics/en/walk/map_11.jpg",
    "MapURL_tc": "https://www.lcsd.gov.hk/en/sportforall/common/graphics/b5/walk/map_11.jpg",
    "MapURL_sc": "https://www.lcsd.gov.hk/en/sportforall/common/graphics/b5/walk/map_11.jpg",
    "Latitude": 22.337411,
    "Longitude": 114.21406
  },
  {
    "Title_en": "Laguna Park",
    "Title_tc": "麗港公園",
    "Title_sc": "丽港公园",
    "District_en": "Kwun Tong ",
    "District_tc": "觀塘區",
    "District_sc": "观塘区",
    "Route_en": "Total Track Length: 500 m<br>Calories consumed:  20-25 Cal",
    "Route_tc": "路徑總長度：500 米<br>消耗卡路里：20-25 卡路里",
    "Route_sc": "路径总长度：500 米<br>消耗卡路里：20-25 卡路里",
    "HowToAccess_en": "MTR: Lam Tin Station Exit D1<br>Bus: 40, 219X, 621<br>Public Light Bus: 23B, 23C, 69\n",
    "HowToAccess_tc": "港鐵：藍田站D1出口<br>巴士：40, 219X, 621<br>小巴：23B, 23C, 69",
    "HowToAccess_sc": "港铁：蓝田站D1出口<br>巴士：40, 219X, 621<br>小巴：23B, 23C, 69",
    "MapURL_en": "https://www.lcsd.gov.hk/en/sportforall/common/graphics/en/walk/map_12.jpg",
    "MapURL_tc": "https://www.lcsd.gov.hk/en/sportforall/common/graphics/b5/walk/map_12.jpg",
    "MapURL_sc": "https://www.lcsd.gov.hk/en/sportforall/common/graphics/b5/walk/map_12.jpg",
    "Latitude": 22.308201,
    "Longitude": 114.227894
  },
  {
    "Title_en": "Jordan Valley Park",
    "Title_tc": "佐敦谷公園",
    "Title_sc": "佐敦谷公园",
    "District_en": "Kwun Tong ",
    "District_tc": "觀塘區",
    "District_sc": "观塘区",
    "Route_en": "Total Track Length: 856 m<br>Calories consumed:  35-40 Cal",
    "Route_tc": "路徑總長度：856 米<br>消耗卡路里：35-40 卡路里",
    "Route_sc": "路径总长度：856 米<br>消耗卡路里：35-40 卡路里",
    "HowToAccess_en": "Bus: 23, 23M, 26, 26M, 27, 29M, 42, 91, 91M, 92, 95<br>Public Light Bus: 12, 47, 48, 49, 54, 54S, 60, 104\n",
    "HowToAccess_tc": "巴士：23, 23M, 26, 26M, 27, 29M, 42, 91, 91M, 92, 95<br>小巴：12, 47, 48, 49, 54, 54S, 60, 104",
    "HowToAccess_sc": "巴士：23, 23M, 26, 26M, 27, 29M, 42, 91, 91M, 92, 95<br>小巴：12, 47, 48, 49, 54, 54S, 60, 104",
    "MapURL_en": "https://www.lcsd.gov.hk/en/sportforall/common/graphics/en/walk/map_13.jpg",
    "MapURL_tc": "https://www.lcsd.gov.hk/en/sportforall/common/graphics/b5/walk/map_13.jpg",
    "MapURL_sc": "https://www.lcsd.gov.hk/en/sportforall/common/graphics/b5/walk/map_13.jpg",
    "Latitude": 22.330161,
    "Longitude": 114.221578
  },
  {
    "Title_en": "Kowloon Tsai Park",
    "Title_tc": "九龍仔公園",
    "Title_sc": "九龙仔公园",
    "District_en": "Kowloon City ",
    "District_tc": "九龍城區",
    "District_sc": "九龙城区",
    "Route_en": "Total Track Length: 800 m<br>Calories consumed: 30-40 Cal",
    "Route_tc": "路徑總長度：800 米<br>消耗卡路里：30-40 卡路里",
    "Route_sc": "路径总长度：800 米<br>消耗卡路里：30-40 卡路里",
    "HowToAccess_en": "Bus: 1, 7B, 11D, 11K, 75X, 85, 85A, 85B, 85C, 113, 891",
    "HowToAccess_tc": "巴士：1, 7B, 11D, 11K, 75X, 85, 85A, 85B, 85C, 113, 891",
    "HowToAccess_sc": "巴士：1, 7B, 11D, 11K, 75X, 85, 85A, 85B, 85C, 113, 891",
    "MapURL_en": "https://www.lcsd.gov.hk/en/sportforall/common/graphics/en/walk/map_14.jpg",
    "MapURL_tc": "https://www.lcsd.gov.hk/en/sportforall/common/graphics/b5/walk/map_14.jpg",
    "MapURL_sc": "https://www.lcsd.gov.hk/en/sportforall/common/graphics/b5/walk/map_14.jpg",
    "Latitude": 22.331287,
    "Longitude": 114.18432
  },
  {
    "Title_en": "Kowloon Walled City Park \n& Carpenter Road Park",
    "Title_tc": "九龍寨城公園及賈炳達道公園",
    "Title_sc": "九龙寨城公园及贾炳达道公园",
    "District_en": "Kowloon City ",
    "District_tc": "九龍城區",
    "District_sc": "九龙城区",
    "Route_en": "Total Track Length: 1800 m<br>Calories consumed: 70-85 Cal",
    "Route_tc": "路徑總長度：1800 米<br>消耗卡路里：70-85 卡路里",
    "Route_sc": "路径总长度：1800 米<br>消耗卡路里：70-85 卡路里",
    "HowToAccess_en": "Bus: 1, 11K, 10, 113, 11D, 11K, 75X, 85, 85A, 85B, 891, 1A, 2A, 3B, 5, 5C, 5D, 6D, 9, 11, 11B, 11D, 13D, 14, 15, 16, 17, 21, 24, 26, 27, 28, 42, 61X, 85X, 93K, 95, 98C, 101, 106, 107, 111, 116, 203E, 296C, 297, 796X, A22, E23<br>Public Light Bus: 25M , 39M, 46, 49, 61, 70, 70A, 105, 110\n",
    "HowToAccess_tc": "巴士：1, 11K, 10, 113, 11D, 11K, 75X, 85, 85A, 85B, 891, 1A, 2A, 3B, 5, 5C, 5D, 6D, 9, 11, 11B, 11D, 13D, 14, 15, 16, 17, 21, 24, 26, 27, 28, 42, 61X, 85X, 93K, 95, 98C, 101, 106, 107, 111, 116, 203E, 296C, 297, 796X, A22, E23<br>小巴：25M, 39M, 46, 49, 61, 70, 70A, 105, 110\n",
    "HowToAccess_sc": "巴士： 1, 11K, 10, 113, 11D, 11K, 75X, 85, 85A, 85B, 891, 1A, 2A, 3B, 5, 5C, 5D, 6D, 9, 11, 11B, 11D, 13D, 14, 15, 16, 17, 21, 24, 26, 27, 28, 42, 61X, 85X, 93K, 95, 98C, 101, 106, 107, 111, 116, 203E, 296C, 297, 796X, A22, E23<br>小巴： 25M , 39M, 46, 49, 61, 70, 70A, 105, 110\n",
    "MapURL_en": "https://www.lcsd.gov.hk/en/sportforall/common/graphics/en/walk/map_15.jpg",
    "MapURL_tc": "https://www.lcsd.gov.hk/en/sportforall/common/graphics/b5/walk/map_15.jpg",
    "MapURL_sc": "https://www.lcsd.gov.hk/en/sportforall/common/graphics/b5/walk/map_15.jpg",
    "Latitude": 22.330991,
    "Longitude": 114.192113
  },
  {
    "Title_en": "Tai Po Waterfront Park",
    "Title_tc": "大埔海濱公園",
    "Title_sc": "大埔海滨公园",
    "District_en": "Tai Po ",
    "District_tc": "大埔區",
    "District_sc": "大埔区",
    "Route_en": "Total Track Length: 517 m<br>Calories consumed: 20-25 Cal",
    "Route_tc": "路徑總長度：517 米<br>消耗卡路里：20-25 卡路里",
    "Route_sc": "路径总长度：517 米<br>消耗卡路里：20-25 卡路里",
    "HowToAccess_en": "MTR: 30-minute walk from Tai Po Market Station<br>MTR Feeder Bus Route: Tai Po Market Station K17<br>Bus: 71K, 71S, 72A, 73, 73X, 74K, 75K, 75X, 271, 275, 275R",
    "HowToAccess_tc": "港鐵：大埔墟站步行約三十分鐘<br>港鐵接駁巴士： 大埔墟站K17<br>巴士： 71K, 71S, 72A, 73, 73X, 74K, 75K, 75X, 271, 275, 275R\n",
    "HowToAccess_sc": "港铁：大埔墟站步行约三十分钟<br>港铁接驳巴士： 大埔墟站K17<br>巴士： 71K, 71S, 72A, 73, 73X, 74K, 75K, 75X, 271, 275, 275R",
    "MapURL_en": "https://www.lcsd.gov.hk/en/sportforall/common/graphics/en/walk/map_16.jpg",
    "MapURL_tc": "https://www.lcsd.gov.hk/en/sportforall/common/graphics/b5/walk/map_16.jpg",
    "MapURL_sc": "https://www.lcsd.gov.hk/en/sportforall/common/graphics/b5/walk/map_16.jpg",
    "Latitude": 22.452218,
    "Longitude": 114.179066
  },
  {
    "Title_en": "Mui Shue Hang Playground",
    "Title_tc": "梅樹坑遊樂場",
    "Title_sc": "梅树坑游乐场",
    "District_en": "Tai Po ",
    "District_tc": "大埔區",
    "District_sc": "大埔区",
    "Route_en": "Total Track Length: 1600 m<br>Calories consumed: 65-75 Cal",
    "Route_tc": "路徑總長度：1600 米<br>消耗卡路里：65-75 卡路里",
    "Route_sc": "路径总长度：1600 米<br>消耗卡路里：65-75 卡路里",
    "HowToAccess_en": "MTR: 15 – 20 minutes walk from Tai Wo Station<br>Public Light Bus: 21K, 25K, 502<br>Bus : 64K, 73, 73A, 74D\n",
    "HowToAccess_tc": "港鐵：太和站步行約十五至二十分鐘<br>小巴： 21K, 25K, 502巴士：<br>64K, 73, 73A, 74D\n",
    "HowToAccess_sc": "港铁：太和站步行约十五至二十分钟<br>小巴：21K, 25K, 502<br>巴士：64K, 73, 73A, 74D",
    "MapURL_en": "https://www.lcsd.gov.hk/en/sportforall/common/graphics/en/walk/map_17.jpg",
    "MapURL_tc": "https://www.lcsd.gov.hk/en/sportforall/common/graphics/b5/walk/map_17.jpg",
    "MapURL_sc": "https://www.lcsd.gov.hk/en/sportforall/common/graphics/b5/walk/map_17.jpg",
    "Latitude": 22.450841,
    "Longitude": 114.156727
  },
  {
    "Title_en": "Sai Kung Promenade",
    "Title_tc": "西貢海濱長廊",
    "Title_sc": "西贡海滨长廊",
    "District_en": "Sai Kung ",
    "District_tc": "西貢區",
    "District_sc": "西贡区",
    "Route_en": "Total Track Length: 1536 m<br>Calories consumed: 60-75 Cal",
    "Route_tc": "路徑總長度：1536 米<br>消耗卡路里：60-75 卡路里",
    "Route_sc": "路径总长度：1536 米<br>消耗卡路里：60-75 卡路里",
    "HowToAccess_en": "Bus: 92, 94, 99, 299X, 792M<br>Public Light Bus: 1, 1A, 12, 101M\n",
    "HowToAccess_tc": "巴士：92, 94, 99, 299X, 792M<br>小巴：1, 1A, 12, 101M\n",
    "HowToAccess_sc": "巴士：92, 94, 99, 299X, 792M<br>小巴 ： 1, 1A, 12, 101M\n",
    "MapURL_en": "https://www.lcsd.gov.hk/en/sportforall/common/graphics/en/walk/map_18.jpg",
    "MapURL_tc": "https://www.lcsd.gov.hk/en/sportforall/common/graphics/b5/walk/map_18.jpg",
    "MapURL_sc": "https://www.lcsd.gov.hk/en/sportforall/common/graphics/b5/walk/map_18.jpg",
    "Latitude": 22.382621,
    "Longitude": 114.275111
  },
  {
    "Title_en": "Po Tsui Park",
    "Title_tc": "寶翠公園",
    "Title_sc": "宝翠公园",
    "District_en": "Sai Kung ",
    "District_tc": "西貢區",
    "District_sc": "西贡区",
    "Route_en": "Total Track Length: 750 / 566m<br>Calories consumed: 30-35 / 25-30 Cal",
    "Route_tc": "路徑總長度：750 / 566 米<br>消耗卡路里：30-35 / 25-30卡路里",
    "Route_sc": "路径总长度：750  / 566 米<br>消耗卡路里：30-35 / 25-30 卡路里",
    "HowToAccess_en": "MTR: Po Lam Station Exit A1<br>Bus: 93A, 93K, 296M, 690<br>Public Light Bus: 10M\n",
    "HowToAccess_tc": "港鐵：寶琳站A1出口<br>巴士：93A, 93K, 296M, 690<br>小巴：10M\n",
    "HowToAccess_sc": "港铁：宝琳站A1出口<br>巴士： 93A, 93K, 296M, 690<br>小巴：10M",
    "MapURL_en": "https://www.lcsd.gov.hk/en/sportforall/common/graphics/en/walk/map_19.jpg",
    "MapURL_tc": "https://www.lcsd.gov.hk/en/sportforall/common/graphics/b5/walk/map_19.jpg",
    "MapURL_sc": "https://www.lcsd.gov.hk/en/sportforall/common/graphics/b5/walk/map_19.jpg",
    "Latitude": 22.324348,
    "Longitude": 114.253436
  },
  {
    "Title_en": "Tseung Kwan O Waterfront Park & \nTseung Kwan O Promenade",
    "Title_tc": "將軍澳海濱公園及將軍澳海濱長廊",
    "Title_sc": "将军澳海滨公园及将军澳海滨长廊",
    "District_en": "Sai Kung ",
    "District_tc": "西貢區",
    "District_sc": "西贡区",
    "Route_en": "Total Track Length: 1100 / 2800 m<br>Calories consumed: 40-50 / 110-130 Cal",
    "Route_tc": "路徑總長度：1100 / 2800 米<br>消耗卡路里：40-50 / 110-130 卡路里卡路里",
    "Route_sc": "路径总长度：1100 / 2800 米<br>消耗卡路里：40-50  / 110-130卡路里",
    "HowToAccess_en": "MTR: Tiu Keng Leng Station Exit A2 walk about 6 minutes, LOHAS Park Station Exit A walk about 2 minutes<br>Bus: 694, 796P, 796X, 798<br>Public Light Bus: 110, 112M\n",
    "HowToAccess_tc": "港鐵：調景嶺站A2出口步行約6分鐘，康城站A出口步行約2分鐘<br>巴士：694, 796P, 796X, 798<br>小巴 : 110, 112M\n",
    "HowToAccess_sc": "港铁：调景岭站A2出口步行约6分钟，康城站A出口步行约2分钟<br>巴士：694, 796P, 796X, 798<br>小巴 : 110, 112M",
    "MapURL_en": "https://www.lcsd.gov.hk/en/sportforall/common/graphics/en/walk/map_20.jpg",
    "MapURL_tc": "https://www.lcsd.gov.hk/en/sportforall/common/graphics/b5/walk/map_20.jpg",
    "MapURL_sc": "https://www.lcsd.gov.hk/en/sportforall/common/graphics/b5/walk/map_20.jpg",
    "Latitude": 22.302551,
    "Longitude": 114.256391
  },
  {
    "Title_en": "Sha Tin Park",
    "Title_tc": "沙田公園",
    "Title_sc": "沙田公园",
    "District_en": "Sha Tin Distict",
    "District_tc": "沙田區",
    "District_sc": "沙田区",
    "Route_en": "Total Track Length: 1500 / 950 / 610 m<br>Calories consumed: 60-70 / 40-50 / 25-30 Cal",
    "Route_tc": "路徑總長度：1500 / 950 / 610米<br>消耗卡路里：60-70 / 40-50 / 25-30 卡路里",
    "Route_sc": "路径总长度：1500 / 950 / 610米<br>消耗卡路里：60-70 / 40-50 / 25-30 卡路里",
    "HowToAccess_en": "MTR: Shatin Station walk about 7 minutes<br>Bus: 40X, 48X, 48P, 72, 80M, 81, 81K, 83K, 83S, 85, 85K, 86, 86A, 86C, 86K, 86P, 86S, 88X, 88K, 89, 89X, 263, 269D, 280X, 282, 283, 284, 288, 288A, A41, E42, 170, NA40<br>Public Light Bus: 28K, 28S, 60K, 60P, 62K, 65A, 65K, 66K, 67A, 67K, 68K, 403, 403A, 403P, 481A, 482, 803, 804, 810, 814\n",
    "HowToAccess_tc": "港鐵：沙田站步行約七分鐘<br>巴士：40X, 48X, 48P, 72, 80M, 81, 81K, 83K, 83S, 85, 85K, 86, 86A, 86C, 86K, 86P, 86S, 88X, 88K, 89, 89X, 263, 269D, 280X, 282, 283, 284, 288, 288A, A41, E42, 170, NA40 <br>小巴：28K, 28S, 60K, 60P, 62K, 65A, 65K, 66K, 67A, 67K, 68K, 403, 403A, 403P, 481A, 482, 803, 804, 810, 814\n",
    "HowToAccess_sc": "港铁： 沙田站步行约七分钟<br>巴士：40X, 48X, 48P, 72, 80M, 81, 81K, 83K, 83S, 85, 85K, 86, 86A, 86C, 86K, 86P, 86S, 88X, 88K, 89, 89X, 263, 269D, 280X, 282, 283, 284, 288, 288A, A41, E42, 170, NA40<br>小巴： 28K, 28S, 60K, 60P, 62K, 65A, 65K, 66K, 67A, 67K, 68K, 403, 403A, 403P, 481A, 482, 803, 804, 810, 814",
    "MapURL_en": "https://www.lcsd.gov.hk/en/sportforall/common/graphics/en/walk/map_21.jpg",
    "MapURL_tc": "https://www.lcsd.gov.hk/en/sportforall/common/graphics/b5/walk/map_21.jpg",
    "MapURL_sc": "https://www.lcsd.gov.hk/en/sportforall/common/graphics/b5/walk/map_21.jpg",
    "Latitude": 22.380079,
    "Longitude": 114.189881
  },
  {
    "Title_en": "Ma On Shan Park",
    "Title_tc": "馬鞍山公園",
    "Title_sc": "马鞍山公园",
    "District_en": "Sha Tin Distict",
    "District_tc": "沙田區",
    "District_sc": "沙田区",
    "Route_en": "Total Track Length: 920 / 630 / 450 m<br>Calories consumed: 40-45 / 25-30 / 20-25 Cal",
    "Route_tc": "路徑總長度：920 / 630 / 450 米<br>消耗卡路里：40-45 / 25-30 / 20-25",
    "Route_sc": "路径总长度：920 / 630 / 450 米<br>消耗卡路里：40-45 / 25-30 / 20-25卡路里",
    "HowToAccess_en": "MTR: Ma On Shan Station Exit A<br>Bus: 40X, 85M, 85X, 86C, 86K, 86S, 87D, 87K, 87R, 89D, 89S, 99, 99R, 274, 274P, 286C, 680, 680X, 681, 682, 980X, A41P<br>Public Light Bus: 26, 803, 807A, 807B, 807C, 807K, 808, 810\n\n",
    "HowToAccess_tc": "港鐵：馬鞍山站A出口<br>巴士：40X, 85M, 85X, 86C, 86K, 86S, 87D, 87K, 87R, 89D, 89S, 99, 99R, 274, 274P, 286C, 680, 680X, 681, 682, 980X, A41P<br>小巴：26, 803, 807A, 807B, 807C, 807K, 808, 810\n",
    "HowToAccess_sc": "港铁：马鞍山站A出口<br>巴士：40X, 85M, 85X, 86C, 86K, 86S, 87D, 87K, 87R, 89D, 89S, 99, 99R, 274, 274P, 286C, 680, 680X, 681, 682, 980X, A41P<br>小巴：26, 803, 807A, 807B, 807C, 807K, 808, 810",
    "MapURL_en": "https://www.lcsd.gov.hk/en/sportforall/common/graphics/en/walk/map_22.jpg",
    "MapURL_tc": "https://www.lcsd.gov.hk/en/sportforall/common/graphics/b5/walk/map_22.jpg",
    "MapURL_sc": "https://www.lcsd.gov.hk/en/sportforall/common/graphics/b5/walk/map_22.jpg",
    "Latitude": 22.427302,
    "Longitude": 114.230445
  },
  {
    "Title_en": "Ma On Shan Promenade",
    "Title_tc": "馬鞍山海濱長廊",
    "Title_sc": "马鞍山海滨长廊",
    "District_en": "Sha Tin Distict",
    "District_tc": "沙田區",
    "District_sc": "沙田区",
    "Route_en": "Total Track Length: 3223 m<br>Calories consumed: 130-150 Cal",
    "Route_tc": "路徑總長度：3223 米<br>消耗卡路里：130-150 卡路里",
    "Route_sc": "路径总长度：3223 米<br>消耗卡路里：130-150 卡路里",
    "HowToAccess_en": "MTR: Tai Shui Hang Station Exit A, Hang On Station Exit A, Ma On Shan Station Exit A<br>Bus: 40X, 43X, 81C, 85K, 85M, 85S, 85X, 86K, 86S, 87D, 87K, 87R, 89C, 89D, 89S, 99, 99R, 274, 274P, 281X, 286C, 286M, 289K, 680, 680X, 681, 681P, 682, 980X, 981P, A41P<br>Public Light Bus: 26, 803, 807A, 807B, 807C, 807K, 808, 810\n",
    "HowToAccess_tc": "港鐵：大水坑站A出口，恒安站A出口，馬鞍山站A出口<br>巴士：40X, 43X, 81C, 85K, 85M, 85S, 85X, 86K, 86S, 87D, 87K, 87R, 89C, 89D, 89S, 99, 99R, 274, 274P, 281X, 286C, 286M, 289K, 680, 680X, 681, 681P, 682, 980X, 981P, A41P <br>小巴：26, 803, 807A, 807B, 807C, 807K, 808, 810\n",
    "HowToAccess_sc": "港铁：大水坑站A出口，恒安站A出口，马鞍山站A出口<br>巴士：40X, 43X, 81C, 85K, 85M, 85S, 85X, 86K, 86S, 87D, 87K, 87R, 89C, 89D, 89S, 99, 99R, 274, 274P, 281X, 286C, 286M, 289K, 680, 680X, 681, 681P, 682, 980X, 981P, A41P<br>小巴 ：26, 803, 807A, 807B, 807C, 807K, 808, 810",
    "MapURL_en": "https://www.lcsd.gov.hk/en/sportforall/common/graphics/en/walk/map_23.jpg",
    "MapURL_tc": "https://www.lcsd.gov.hk/en/sportforall/common/graphics/b5/walk/map_23.jpg",
    "MapURL_sc": "https://www.lcsd.gov.hk/en/sportforall/common/graphics/b5/walk/map_23.jpg",
    "Latitude": 22.427023,
    "Longitude": 114.233751
  },
  {
    "Title_en": "Tuen Mun Park, Wu Shan Riverside Park & \nWu Shan Recreation Playground",
    "Title_tc": "屯門公園、湖山河畔公園及湖山遊樂場",
    "Title_sc": "屯门公园、湖山河畔公园及湖山游乐场",
    "District_en": "Tuen Mun ",
    "District_tc": "屯門區",
    "District_sc": "屯门区",
    "Route_en": "Total Track Length: 2032 m<br>Calories consumed: 80-95 Cal",
    "Route_tc": "路徑總長度：2032 米<br>消耗卡路里：80-95 卡路里",
    "Route_sc": "路径总长度：2032 米<br>消耗卡路里：80-95 卡路里",
    "HowToAccess_en": "MTR: Tuen Mun Station<br>Light Rail Transit: Tuen Mun Station — 505, 507, 751 (at▶) / LRT Depot — 610, 615 (at●)<br>Bus:  52X, 53, 58M, 58X, 60M, 61M, 60X, 61X,62X, 63X,66M, 67M, 67X, 68A, 259D, 260X, 261, 261X,263, 960, 961,506, E33 (at▶) / 59A, 59M, 59X, 259D, 962,506 (at●) <br>Public Light Bus: 40, 42, 43, 43A, 43B, 43C, 44, ,44A, 44B, 45, 46, 46A (at▶) / 41, 44, 44B (at●)\n",
    "HowToAccess_tc": "港鐵：屯門站<br>輕便鐵路： 屯門站 — 505, 507, 751 (起點) / 輕鐵車廠站 — 610, 615 (終點)<br>巴士：52X, 53, 58M, 58X, 60M, 61M, 60X, 61X, 62X, 63X, 66M, 67M, 67X, 68A, 259D, 260X, 261, 261X, 263, 960, 961, 506, E33 (起點) / 59A, 59M, 59X, 259D, 962, 506 (終點) <br>小巴：40, 42, 43, 43A, 43B, 43C, 44, 44A, 44B, 45, 46, 46A (起點) / 41, 44, 44B (終點)\n",
    "HowToAccess_sc": "港铁：屯门站<br>轻便铁路： 屯门站— 505, 507, 751 (起点) / 轻铁车厂站— 610, 615 (终点)<br>巴士：52X, 53, 58M, 58X, 60M,61M, 60X, 61X, 62X, 63X, 66M, 67M, 67X, 68A, 259D, 260X, 261, 261X, 263, 960, 961, 506, E33 (起点) / 59A, 59M, 59X, 259D, 962, 506 (终点)< br>小巴：40, 42, 43, 43A, 43B, 43C, 44, 44A, 44B, 45, 46, 46A (起点) / 41, 44, 44B (终点)\n",
    "MapURL_en": "https://www.lcsd.gov.hk/en/sportforall/common/graphics/en/walk/map_24.jpg",
    "MapURL_tc": "https://www.lcsd.gov.hk/en/sportforall/common/graphics/b5/walk/map_24.jpg",
    "MapURL_sc": "https://www.lcsd.gov.hk/en/sportforall/common/graphics/b5/walk/map_24.jpg",
    "Latitude": 22.393362,
    "Longitude": 113.973031
  },
  {
    "Title_en": "Yuen Long Park",
    "Title_tc": "元朗公園",
    "Title_sc": "元朗公园",
    "District_en": "Yuen Long ",
    "District_tc": "元朗區",
    "District_sc": "元朗区",
    "Route_en": "Total Track Length: 800 m<br>Calories consumed: 30-40 Cal",
    "Route_tc": "路徑總長度：800 米<br>消耗卡路里：30-40 卡路里",
    "Route_sc": "路径总长度：800 米<br>消耗卡路里：30-40 卡路里",
    "HowToAccess_en": "Light Rail Transit: 610, 614, 615, 761P<br>Bus: 68X, 68M, 53, 64K, 76K, 276, 276P, 269D, 968, 268B, 268C, K68, 268X, 68F, 68A, 68E, 268X, B1, A36\n",
    "HowToAccess_tc": "輕鐵： 610, 614, 615, 761P<br>巴士： 68X, 68M, 53, 64K, 76K, 276, 276P, 269D, 968, 268B, 268C, K68, 268X, 68F, 68A, 68E, 268X, B1, A36\n",
    "HowToAccess_sc": "轻铁： 610, 614, 615, 761P<br>巴士： 68X, 68M, 53, 64K, 76K, 276, 276P, 269D, 968, 268B, 268C, K68, 268X, 68F, 68A, 68E, 268X, B1, A36",
    "MapURL_en": "https://www.lcsd.gov.hk/en/sportforall/common/graphics/en/walk/map_25.jpg",
    "MapURL_tc": "https://www.lcsd.gov.hk/en/sportforall/common/graphics/b5/walk/map_25.jpg",
    "MapURL_sc": "https://www.lcsd.gov.hk/en/sportforall/common/graphics/b5/walk/map_25.jpg",
    "Latitude": "22.441016, ",
    "Longitude": 114.018452
  },
  {
    "Title_en": "Tin Shui Wai Park",
    "Title_tc": "天水圍公園",
    "Title_sc": "天水围公园",
    "District_en": "Yuen Long ",
    "District_tc": "元朗區",
    "District_sc": "元朗区",
    "Route_en": "Total Track Length: 800 m<br>Calories consumed: 30-40 Cal",
    "Route_tc": "路徑總長度：800 米<br>消耗卡路里：30-40 卡路里",
    "Route_sc": "路径总长度：800 米<br>消耗卡路里：30-40 卡路里",
    "HowToAccess_en": "Bus: 69M, 69X, 269B, 269C, 269D, 276, 276A, 969, E34, B2P, K74, K75P<br>Light Rail Transit: 705, 706, 751, 761P<br>Public Light Bus: 77\n",
    "HowToAccess_tc": "巴士：69M, 69X, 269B, 269C, 269D, 276, 276A, 969, E34, B2P, K74, K75P <br>輕鐵：705, 706, 751, 761P<br>小巴：77\n",
    "HowToAccess_sc": "巴士：69M, 69X, 269B, 269C, 269D, 276, 276A, 969, E34, B2P, K74, K75P<br>轻铁：705, 706, 751, 761P<br>小巴：77",
    "MapURL_en": "https://www.lcsd.gov.hk/en/sportforall/common/graphics/en/walk/map_26.jpg",
    "MapURL_tc": "https://www.lcsd.gov.hk/en/sportforall/common/graphics/b5/walk/map_26.jpg",
    "MapURL_sc": "https://www.lcsd.gov.hk/en/sportforall/common/graphics/b5/walk/map_26.jpg",
    "Latitude": 22.455809,
    "Longitude": 114.001741
  },
  {
    "Title_en": "North District Park",
    "Title_tc": "北區公園",
    "Title_sc": "北区公园",
    "District_en": "North ",
    "District_tc": "北區",
    "District_sc": "北区",
    "Route_en": "Total Track Length: 900 / 570 / 460 m<br>Calories consumed: 35-45 / 25-30 / 20-25  Cal",
    "Route_tc": "路徑總長度：900 / 570 / 460米<br>消耗卡路里：35-45 / 25-30 / 20-25 卡路里",
    "Route_sc": "路径总长度：900 / 570 / 460米<br>消耗卡路里：35-45 / 25-30 / 20-25 卡路里",
    "HowToAccess_en": "Bus: 73, 73A, 273A, 73K, 78K, 79K, 270A, 276, 276P, 373<br>Public Light Bus: 44, 44A, 50K, 51K, 55K\n",
    "HowToAccess_tc": "巴士：73, 73A, 273A, 73K, 78K, 79K, 270A, 276, 276P, 373<br>小巴： 44, 44A, 50K, 51K, 55K\n",
    "HowToAccess_sc": "巴士：73, 73A, 273A, 73K, 78K, 79K, 270A, 276P, 276, 373<br>小巴：44, 44A, 50K, 51K, 55K\n",
    "MapURL_en": "https://www.lcsd.gov.hk/en/sportforall/common/graphics/en/walk/map_27.jpg",
    "MapURL_tc": "https://www.lcsd.gov.hk/en/sportforall/common/graphics/b5/walk/map_27.jpg",
    "MapURL_sc": "https://www.lcsd.gov.hk/en/sportforall/common/graphics/b5/walk/map_27.jpg",
    "Latitude": 22.499209,
    "Longitude": 114.133649
  },
  {
    "Title_en": "Pak Fuk Tin Sum Playground",
    "Title_tc": "百福田心遊樂場",
    "Title_sc": "百福田心游乐场",
    "District_en": "North ",
    "District_tc": "北區",
    "District_sc": "北区",
    "Route_en": "Total Track Length: 1600 / 1000 / 550 m (Finishing Point at Distance Post 27)<br>Calories consumed: 65-75 / 40-50 / 20-25 Cal",
    "Route_tc": "路徑總長度：1600 / 1000 / 550 米 (以標距柱27為終點)<br>消耗卡路里：65-75 / 40-50 / 20-25 卡路里",
    "Route_sc": "路径总长度：1600 / 1000 / 550 米(以标距柱27为终点)<br>消耗卡路里：65-75 / 40-50 / 20-25 卡路里",
    "HowToAccess_en": "Bus: 270A, 270P, 273, 273A, 273D, 273S, 278K, 278P, 278X, 279X, 76K, 78K, 79K, N42A, A43<br>Public Light Bus: 52A, 52B, 52K, 54A, 54K, 56A, 56B, 56C, 56K, 501A, 501K\n",
    "HowToAccess_tc": "巴士：270A, 270P, 273, 273A, 273D, 273S, 278K, 278P, 278X, 279X, 76K, 78K, 79K, N42A, A43<br>公共小巴： 52A, 52B, 52K, 54A, 54K, 56A, 56B, 56C, 56K, 501A, 501K\n",
    "HowToAccess_sc": "巴士：270A, 270P, 273, 273A, 273D, 273S, 278K, 278P, 278X, 279X, 76K, 78K, 79K, N42A, A43<br>公共小巴： 52A, 52B, 52K, 54A, 54K, 56A, 56B, 56C, 56K, 501A, 501K",
    "MapURL_en": "https://www.lcsd.gov.hk/en/sportforall/common/graphics/en/walk/map_28.jpg",
    "MapURL_tc": "https://www.lcsd.gov.hk/en/sportforall/common/graphics/b5/walk/map_28.jpg",
    "MapURL_sc": "https://www.lcsd.gov.hk/en/sportforall/common/graphics/b5/walk/map_28.jpg",
    "Latitude": 22.489058,
    "Longitude": 114.140366
  },
  {
    "Title_en": "Shing Mun Valley Park",
    "Title_tc": "城門谷公園",
    "Title_sc": "城门谷公园",
    "District_en": "Tsuen Wan ",
    "District_tc": "荃灣區",
    "District_sc": "荃湾区",
    "Route_en": "Total Track Length: 800 m<br>Calories consumed: 30-40 Cal",
    "Route_tc": "路徑總長度：800 米<br>消耗卡路里：30-40 卡路里",
    "Route_sc": "路径总长度：800 米<br>消耗卡路里：30-40 卡路里",
    "HowToAccess_en": "Bus: 32, 32M, 43X<br>Public Light Bus: 81M, 82M, 94\n",
    "HowToAccess_tc": "巴士：32, 32M, 43X<br>小巴：81M, 82M, 94\n",
    "HowToAccess_sc": "巴士：32, 32M, 43X<br>小巴：81M, 82M, 94\n",
    "MapURL_en": "https://www.lcsd.gov.hk/en/sportforall/common/graphics/en/walk/map_29.jpg",
    "MapURL_tc": "https://www.lcsd.gov.hk/en/sportforall/common/graphics/b5/walk/map_29.jpg",
    "MapURL_sc": "https://www.lcsd.gov.hk/en/sportforall/common/graphics/b5/walk/map_29.jpg",
    "Latitude": 22.373344,
    "Longitude": 114.124687
  },
  {
    "Title_en": "Tsuen Wan Park",
    "Title_tc": "荃灣公園",
    "Title_sc": "荃湾公园",
    "District_en": "Tsuen Wan ",
    "District_tc": "荃灣區",
    "District_sc": "荃湾区",
    "Route_en": "Total Track Length: 2100 m<br>Calories consumed: 85-100 Cal",
    "Route_tc": "路徑總長度：2100 米<br>消耗卡路里：85-100 卡路里",
    "Route_sc": "路径总长度：2100 米<br>消耗卡路里：85-100 卡路里",
    "HowToAccess_en": "MTR: Tsuen Wan West Station<br>Bus: 31, 33A, 34, 36, 38A, 39A, 41M, 41P, 42M, 43, 43B, 43P, 43X, 49X, 51, 53, 73X, 234A, 234B, 238M, 238X, 273C, 273P, 278P, 278X, R42, 290, 290A, 290B, 290X, 48P, A31<br>Public Light Bus: 86, 87K, 94S, 95, 95K, 96, 96P, 99, 301M, 409K\n",
    "HowToAccess_tc": "港鐵：荃灣西站<br>巴士：31, 33A, 34, 36, 38A, 39A, 41M, 41P, 42M, 43, 43B, 43P, 43X, 49X, 51, 53, 73X, 234A, 234B, 238M, 238X, 273C, 273P, 278P, 278X, R42, 290, 290A, 290B, 290X, 48P, A31<br>小巴：86, 87K, 94S, 95, 95K, 96, 96P, 99, 301M, 409K\n",
    "HowToAccess_sc": "港铁 ：荃湾西站<br>巴士：31, 33A, 34, 36, 38A, 39A, 41M, 41P, 42M, 43, 43B, 43P, 43X, 49X, 51, 53, 73X, 234A, 234B, 238M, 238X, 273C, 273P, 278P, 278X, R42, 290, 290A, 290B, 290X, 48P, A31<br>小巴： 86, 87K, 94S, 95, 95K, 96, 96P, 99, 301M, 409K",
    "MapURL_en": "https://www.lcsd.gov.hk/en/sportforall/common/graphics/en/walk/map_30.jpg",
    "MapURL_tc": "https://www.lcsd.gov.hk/en/sportforall/common/graphics/b5/walk/map_30.jpg",
    "MapURL_sc": "https://www.lcsd.gov.hk/en/sportforall/common/graphics/b5/walk/map_30.jpg",
    "Latitude": 22.364895,
    "Longitude": 114.112451
  },
  {
    "Title_en": "Tsing Yi Park",
    "Title_tc": "青衣公園",
    "Title_sc": "青衣公园",
    "District_en": "Kwai Tsing ",
    "District_tc": "葵青區",
    "District_sc": "葵青区",
    "Route_en": "Total Track Length: 1200 / 800 m<br>Calories consumed: 50-60 / 30-40 Cal",
    "Route_tc": "路徑總長度：1200 / 800 米<br>消耗卡路里：50-60 / 30-40 卡路里",
    "Route_sc": "路径总长度：1200 / 800 米<br>消耗卡路里：50-60 / 30-40 卡路里",
    "HowToAccess_en": "MTR: Tsing Yi Station<br>Bus: 41A, 41M, 42C, 44, 44M, 49X<br>Public Light Bus: 88\n",
    "HowToAccess_tc": "港鐵 ：青衣站<br>巴士：41A, 41M, 42C, 44, 44M, 49X<br>小巴: 88\n",
    "HowToAccess_sc": "港铁 ：青衣站<br>巴士：41A, 41M, 42C, 44, 44M, 49X<br>小巴 ：88",
    "MapURL_en": "https://www.lcsd.gov.hk/en/sportforall/common/graphics/en/walk/map_31.jpg",
    "MapURL_tc": "https://www.lcsd.gov.hk/en/sportforall/common/graphics/b5/walk/map_31.jpg",
    "MapURL_sc": "https://www.lcsd.gov.hk/en/sportforall/common/graphics/b5/walk/map_31.jpg",
    "Latitude": 22.356678,
    "Longitude": 114.106163
  },
  {
    "Title_en": "Tsing Yi Promenade",
    "Title_tc": "青衣海濱公園",
    "Title_sc": "青衣海滨公园",
    "District_en": "Kwai Tsing ",
    "District_tc": "葵青區",
    "District_sc": "葵青区",
    "Route_en": "Total Track Length: 1250 m<br>Calories consumed: 50-60 Cal",
    "Route_tc": "路徑總長度：1250 米<br>消耗卡路里：50-60 卡路里",
    "Route_sc": "路径总长度：1250 米<br>消耗卡路里：50-60 卡路里",
    "HowToAccess_en": "Bus: 41P, 68A, 248M, 249M, 249X, 279X<br>Public Light Bus: 88A, 88E, 88F, 140M, 308A, 308M, 310M, 312\n",
    "HowToAccess_tc": "港鐵：青衣站<br>巴士: 41P, 68A, 248M, 249M, 249X, 279X<br>小巴： 88A, 88E, 88F, 140M, 308A, 308M, 310M, 312\n",
    "HowToAccess_sc": "港铁 ：青衣站<br>巴士： 41P, 68A, 248M, 249M, 249X, 279X<br>小巴： 88A, 88E, 88F, 140M, 308A, 308M, 310M, 312\n",
    "MapURL_en": "https://www.lcsd.gov.hk/en/sportforall/common/graphics/en/walk/map_32.jpg",
    "MapURL_tc": "https://www.lcsd.gov.hk/en/sportforall/common/graphics/b5/walk/map_32.jpg",
    "MapURL_sc": "https://www.lcsd.gov.hk/en/sportforall/common/graphics/b5/walk/map_32.jpg",
    "Latitude": 22.363127,
    "Longitude": 114.105045
  },
  {
    "Title_en": "Cheung Chau Sports Ground",
    "Title_tc": "長洲運動場",
    "Title_sc": "长洲运动场",
    "District_en": "Islands ",
    "District_tc": "離島區",
    "District_sc": "离岛区",
    "Route_en": "Total Track Length: 250 m<br>Calories consumed: 10-15 Cal",
    "Route_tc": "路徑總長度：250 米<br>消耗卡路里：10-15 卡路里",
    "Route_sc": "路径总长度：250 米<br>消耗卡路里：10-15 卡路里",
    "HowToAccess_en": "To take ferry from Central Pier No.5 to Cheung Chau and walk about 15 minutes from Cheung Chau Ferry Pier towards Kwun Yam Wan and along Cheung Chau Sports Road",
    "HowToAccess_tc": "由中環五號碼頭乘渡輪至長洲，於長洲渡輪碼頭往觀音灣方向沿長洲體育路步行約15分鐘",
    "HowToAccess_sc": "由中环五号码头乘渡轮至长洲，于长洲渡轮码头往观音湾方向沿长洲体育路步行约15分钟",
    "MapURL_en": "https://www.lcsd.gov.hk/en/sportforall/common/graphics/en/walk/map_33.jpg",
    "MapURL_tc": "https://www.lcsd.gov.hk/en/sportforall/common/graphics/b5/walk/map_33.jpg",
    "MapURL_sc": "https://www.lcsd.gov.hk/en/sportforall/common/graphics/b5/walk/map_33.jpg",
    "Latitude": 22.206486,
    "Longitude": 114.032803
  },
  {
    "Title_en": "Tung Chung North Park and Man Tung Road Park",
    "Title_tc": "東涌北公園及文東路公園",
    "Title_sc": "东涌北公园及文东路公园",
    "District_en": "Islands ",
    "District_tc": "離島區",
    "District_sc": "离岛区",
    "Route_en": "Total Track Length: 1200 m<br>Calories consumed: 50-60 Cal",
    "Route_tc": "路徑總長度：1200 米<br>消耗卡路里：50-60 卡路里",
    "Route_sc": "路径总长度：1200 米<br>消耗卡路里：50-60 卡路里",
    "HowToAccess_en": "MTR: Exit C of Tung Chung Station<br>Bus: 37, 37H, E21A, E11A, E31, E32A, E34P, E34X, S56",
    "HowToAccess_tc": "港鐵：東涌站C出口<br>巴士：37, 37H, E21A, E11A, E31, E32A, E34P, E34X, S56",
    "HowToAccess_sc": "港铁：东涌站C出口<br>巴士：37, 37H, E21A, E11A, E31, E32A, E34P, E34X, S56",
    "MapURL_en": "https://www.lcsd.gov.hk/en/sportforall/common/graphics/en/walk/map_34.jpg",
    "MapURL_tc": "https://www.lcsd.gov.hk/en/sportforall/common/graphics/b5/walk/map_34.jpg",
    "MapURL_sc": "https://www.lcsd.gov.hk/en/sportforall/common/graphics/b5/walk/map_34.jpg",
    "Latitude": 22.292443,
    "Longitude": 113.950924
  }
]