[{"District_en":"Central & Western","District_cn":"中西區","Name_en":"Shek Tong Tsui Sports Centre","Name_cn":"石塘咀體育館","Address_en":"5\/F, Shek Tong Tsui Municipal Services Building, 470 Queen's Road West, Hong Kong","Address_cn":"香港皇后大道西470號石塘咀巿政大廈5樓","Opening_hours_en":"7:50am - 8:40am<br>\r\n8:50am - 9:40am<br>\r\n9:50am - 10:40am<br>\r\n10:50am - 11:40am<br>\r\n11:50am - 12:40pm<br>\r\n1:50pm - 2:40pm<br>\r\n2:50pm - 3:40pm<br>\r\n3:50pm - 4:40pm<br>\r\n4:50pm - 5:40pm<br>\r\n5:50pm - 6:40pm<br>\r\n6:50pm - 7:40pm<br>\r\n7:50pm - 8:40pm<br>\r\n8:50pm - 9:40pm","Opening_hours_cn":"早上7時50分至8時40分<br>\r\n早上8時50分至9時40分<br>\r\n早上9時50分至10時40分<br>\r\n早上10時50分至11時40分<br>\r\n早上11時50分至下午12時40分<br>\r\n下午1時50分至2時40分<br>\r\n下午2時50分至3時40分<br> \r\n下午3時50分至4時40分<br>\r\n下午4時50分至5時40分<br>\r\n下午5時50分至晚上6時40分<br>\r\n晚上6時50分至7時40分<br>\r\n晚上7時50分至8時40分<br>\r\n晚上8時50分至9時40分","Phone":"2858 0541","Others_en":"Theme:Deep Ocean<br>\r\nArea(M<sup>2<\/sup>):145<br>\r\nCapacity:30<br>","Others_cn":"遊戲室主題:深海歷險<br>\r\n面積(米<sup>2<\/sup>):145<br>\r\n入場限額:30<br>","Photo_1":"https:\/\/www.lcsd.gov.hk\/en\/common\/images\/facilities\/facilitieslist\/children\/image1.jpg","Photo_2":"https:\/\/www.lcsd.gov.hk\/en\/common\/images\/facilities\/facilitieslist\/children\/image2.jpg","GIHS":"RPCYeFHeZa","Longitude":"114-8-10","Latitude":"22-17-9"},{"District_en":"Central & Western","District_cn":"中西區","Name_en":"Smithfield Sports Centre","Name_cn":"士美非路體育館","Address_en":"4\/F, Smithfield Municipal Services Building, 12K Smithfield, Kennedy Town, Hong Kong","Address_cn":"香港堅尼地城士美菲路12 K號士美非路市政大廈4樓","Opening_hours_en":"7:50am-8:40am<br>\r\n8:50am-9:40am<br>\r\n9:50am-10:40am<br>\r\n10:50am-11:40am<br>\r\n12:50pm-1:40pm<br> \r\n1:50pm-2:40pm<br>\r\n2:50pm-3:40pm<br> \r\n3:50pm-4:40pm<br> \r\n4:50pm-5:40pm<br> \r\n5:50pm-6:40pm<br> \r\n6:50pm-7:40pm<br> \r\n7:50pm-8:40pm<br> \r\n8:50pm-9:40pm<br>","Opening_hours_cn":"早上7時50分至8時40分<br>\r\n早上8時50分至9時40分<br>\r\n早上9時50分至10時40分<br>\r\n早上10時50分至11時40分<br>\r\n下午12時50分至1時40分<br>\r\n下午1時50分至2時40分<br>\r\n下午2時50分至3時40分<br>\r\n下午3時50分至4時40分<br>\r\n下午4時50分至5時40分<br>\r\n下午5時50分至晚上6時40分<br>\r\n晚上6時50分至7時40分<br>\r\n晚上7時50分至8時40分<br>\r\n晚上8時50分至9時40分<br>","Phone":"2855 7321","Others_en":"Theme:Dinosaur<br>\r\nArea(M<sup>2<\/sup>):114<br>\r\nCapacity:30<br>","Others_cn":"遊戲室主題:恐龍樂園<br>\r\n面積(米<sup>2<\/sup>):114<br>\r\n入場限額:30<br>","Photo_1":"https:\/\/www.lcsd.gov.hk\/en\/common\/images\/facilities\/facilitieslist\/children\/image3.jpg","Photo_2":"https:\/\/www.lcsd.gov.hk\/en\/common\/images\/facilities\/facilitieslist\/children\/image4.jpg","GIHS":"GmqL1kydga","Longitude":"114-7-43","Latitude":"22-16-55"},{"District_en":"Central & Western","District_cn":"中西區","Name_en":"Sun Yat Sen Memorial Park Sports Centre","Name_cn":"中山紀念公園體育館","Address_en":"18 Eastern Street North, Sai Ying Pun, Hong Kong","Address_cn":"香港西營盤東邊街北18號","Opening_hours_en":"8:00 am - 9:50 am<br>\r\n10:00 am - 11:50 am<br>\r\n12:00 nn – 1:00 pm<br>\r\n2:00 pm - 3:50 pm<br>\r\n4:00 pm - 5:50 pm<br>\r\n6:00 pm - 7:50 pm<br>\r\n8:00 pm - 9:50 pm<br>","Opening_hours_cn":"早上8時00分至9時50分<br>\r\n早上10時00分至11時50分<br>\r\n中午12時00分至下午1時00分<br>\r\n下午2時00分至3時50分<br>\r\n下午4時00分至5時50分<br>\r\n晚上6時00分至7時50分<br>\r\n晚上8時00分至9時50分","Phone":"2858 2493","Others_en":"Theme:Circus<br>\r\nArea(M<sup>2<\/sup>):130<br>\r\nCapacity:30<br>","Others_cn":"遊戲室主題:快樂馬戲班<br>\r\n面積(米<sup>2<\/sup>):130<br>\r\n入場限額:30<br>","Photo_1":"https:\/\/www.lcsd.gov.hk\/en\/common\/images\/facilities\/facilitieslist\/children\/image5.jpg","Photo_2":"https:\/\/www.lcsd.gov.hk\/en\/common\/images\/facilities\/facilitieslist\/children\/image6.jpg","GIHS":"vx49I0ELOm","Longitude":"114-8-37","Latitude":"22-17-25"},{"District_en":"Eastern","District_cn":"東區","Name_en":"Island East Sports Centre","Name_cn":"港島東體育館","Address_en":"52 Lei King Road, Sai Wan Ho, Hong Kong","Address_cn":"香港西灣河鯉景道52號","Opening_hours_en":"8:00am-8:25am<br>\r\n8:25am-8:50am<br>\r\n9:00am-9:25am<br>\r\n9:25am-9:50am<br>\r\n10:00am-10:25am<br>\r\n10:25am-10:50am<br>\r\n11:00am-11:25am<br>\r\n11:25am-11:50am<br>\r\n12:00nn-12:25pm<br>\r\n12:25pm-12:50pm<br>\r\n1:00pm-1:25pm<br>\r\n2:25pm-2:50pm<br>\r\n3:00pm-3:25pm<br>\r\n3:25pm-3:50pm<br>\r\n4:00pm-4:25pm<br>\r\n4:25pm-4:50pm<br>\r\n5:00pm-5:25pm<br>\r\n5:25pm-5:50pm<br>\r\n6:00pm-6:25pm<br>\r\n6:25pm-6:50pm<br>\r\n7:00pm-7:25pm<br>\r\n7:25pm-7:50pm<br>\r\n8:00pm-8:25pm<br>\r\n8:25pm-8:50pm<br>\r\n9:00pm-9:25pm<br>\r\n9:25pm-9:50pm","Opening_hours_cn":"早上8時00分-早上8時25分<br>\r\n早上8時25分-早上8時50分<br>\r\n早上9時00分-早上9時25分<br>\r\n早上9時25分-早上9時50分<br>\r\n早上10時00分-早上10時25分<br>\r\n早上10時25分-早上10時50分<br>\r\n早上11時00分-早上11時25分<br>\r\n早上11時25分-早上11時50分<br>\r\n中午12時00分-下午12時25分<br>\r\n下午12時25分-下午12時50分<br>\r\n下午1時00分-下午1時25分<br>\r\n下午2時25分-下午2時50分<br>\r\n下午3時00分-下午3時25分<br>\r\n下午3時25分-下午3時50分<br>\r\n下午4時00分-下午4時25分<br>\r\n下午4時25分-下午4時50分<br>\r\n下午5時00分-下午5時25分<br>\r\n下午5時25分-下午5時50分<br>\r\n下午6時00分-下午6時25分<br>\r\n下午6時25分-下午6時50分<br>\r\n下午7時00分-下午7時25分<br>\r\n下午7時25分-下午7時50分<br>\r\n下午8時00分-下午8時25分<br>\r\n下午8時25分-下午8時50分<br>\r\n下午9時00分-下午9時25分<br>\r\n下午9時25分-下午9時50分","Phone":"2151 4070","Others_en":"Theme:Forest<br>\r\nArea(M<sup>2<\/sup>):102<br>\r\nCapacity:20<br>","Others_cn":"遊戲室主題:迷失森林<br>\r\n面積(米<sup>2<\/sup>):102<br>\r\n入場限額:20<br>","Photo_1":"https:\/\/www.lcsd.gov.hk\/en\/common\/images\/facilities\/facilitieslist\/children\/image7.jpg","Photo_2":"https:\/\/www.lcsd.gov.hk\/en\/common\/images\/facilities\/facilitieslist\/children\/image8.jpg","GIHS":"Ks0Zeqlua7","Longitude":"114-13-20","Latitude":"22-17-5"},{"District_en":"Eastern","District_cn":"東區","Name_en":"Java Road Sports Centre","Name_cn":"渣華道體育館","Address_en":"4\/F, Java Road Municipal Services Building, 99 Java Road, North Point, Hong Kong","Address_cn":"香港北角渣華道99號渣華道市政大廈4樓","Opening_hours_en":"(From September to June)<br>\r\nMonday, Wednesday & Friday <br>\r\n9:00 am-10:05am<br>\r\n10:15am-11:05am<br>\r\n11:15am-12:05pm<br>\r\n12:15pm-1:05pm<br>\r\n1:15pm-2:05pm<br>\r\n2:15pm-3:05pm<br>\r\n7:00pm-8:05pm<br>\r\n8:15pm-9:05pm<br>\r\n9:15pm-10:00pm<br>\r\n<br>\r\nTuesday, Thursday, Saturday,<br>\r\nSunday & PH<br>\r\n9:00 am-10:05am<br>\r\n10:15am-11:05am<br>\r\n11:15am-12:05pm<br>\r\n12:15pm-1:05pm<br>\r\n1:15pm-2:05pm<br>\r\n2:15pm-3:05pm<br>\r\n4:00pm-5:05pm<br>\r\n5:15pm-6:05pm<br>\r\n7:00pm-8:05pm<br>\r\n8:15pm-9:05pm<br>\r\n9:15pm-10:00pm<br>\r\n<br>\r\n(From July to August)<br>\r\nMonday, Wednesday, Friday, Saturday, Sunday & PH <br>\r\n9:00 am-10:05am<br>\r\n10:15am-11:05am<br>\r\n11:15am-12:05pm<br>\r\n12:15pm-1:05pm<br> \r\n1:15pm-2:05pm<br>\r\n2:15pm-3:05pm<br>\r\n4:00pm-5:05pm<br> \r\n5:15pm-6:05pm<br> \r\n7:00pm-8:05pm<br>\r\n8:15pm-9:05pm<br>\r\n9:15pm-10:00pm<br>\r\nTuesday & Thursday<br>\r\n11:15am-12:05pm<br>\r\n12:15pm-1:05pm<br>\r\n1:15pm-2:05pm<br>\r\n2:15pm-3:05pm<br>\r\n7:00pm-8:05pm<br>\r\n8:15pm-9:05pm<br>\r\n9:15pm-10:00pm<br>","Opening_hours_cn":"(九月至六月)<br>\r\n逢星期一、三、五：<br>\r\n早上9時00分至10時05分<br>\r\n早上10時15分至11時05分<br>\r\n早上11時15分至下午12時05分<br>\r\n下午12時15分至1時05分<br>\r\n下午1時15分至2時05分<br>\r\n下午2時15分至3時05分<br>\r\n晚上7時00分至8時05分<br>\r\n晚上8時15分至9時05分<br>\r\n晚上9時15分至10時00分<br>\r\n星期二、四、六、日<br>\r\n及公眾假期：<br>\r\n早上9時00分至10時05分<br>\r\n早上10時15分至11時05分<br>\r\n早上11時15分至下午12時05分<br>\r\n下午12時15分至1時05分<br>\r\n下午1時15分至2時05分<br>\r\n下午2時15分至3時05分<br>\r\n下午4時00分至5時05分<br>\r\n下午5時15分至晚上6時05分<br>\r\n晚上7時00分至8時05分<br>\r\n晚上8時15分至9時05分<br>\r\n晚上9時15分至10時00分<br>\r\n<br>\r\n(七月至八月) <br>\r\n星期一、三、五、六、日<br>\r\n及公眾假期：<br>\r\n早上9時00分至10時05分<br>\r\n早上10時15分至11時05分<br>\r\n早上11時15分至下午12時05分<br>\r\n下午12時15分至1時05分<br>\r\n下午1時15分至2時05分<br>\r\n下午2時15分至3時05分<br>\r\n下午4時至5時05分<br>\r\n下午5時15分至晚上6時05分<br>\r\n晚上7時00分至8時05分<br>\r\n晚上8時15分至9時05分<br>\r\n晚上9時15分至10時00分<br>\r\n星期二、四：<br>\r\n早上11時15分至下午12時05分<br>\r\n下午12時15分至1時05分<br>\r\n下午1時15分至2時05分<br>\r\n下午2時15分至3時05分<br>\r\n晚上7時00分至8時05分<br>\r\n晚上8時15分至9時05分<br>\r\n晚上9時15分至10時00分<br>","Phone":"2516 9419","Others_en":"Theme:Joyful Forest<br>\r\nArea(M<sup>2<\/sup>):112<br>\r\nCapacity:20<br>","Others_cn":"遊戲室主題:歡樂森林<br>\r\n面積(米<sup>2<\/sup>):112<br>\r\n入場限額:20<br>","Photo_1":"https:\/\/www.lcsd.gov.hk\/en\/common\/images\/facilities\/facilitieslist\/children\/image9.jpg","Photo_2":"https:\/\/www.lcsd.gov.hk\/en\/common\/images\/facilities\/facilitieslist\/children\/image10.jpg","GIHS":"A6lQGbDvoH","Longitude":"114-11-58","Latitude":"22-17-32"},{"District_en":"Eastern","District_cn":"東區","Name_en":"Siu Sai Wan Sports Centre","Name_cn":"小西灣體育館","Address_en":"2\/F, Siu Sai Wan Complex, 15 Siu Sai Wan Road, Hong Kong","Address_cn":"香港小西灣道15號小西灣綜合大樓二樓","Opening_hours_en":"8:00 am - 8:30 am<br>\r\n8:40 am - 9:10 am<br>\r\n9:20 am - 9:50 am<br>\r\n10:00 am - 10:30 am<br>\r\n10:40 am  - 11:10 am<br>\r\n11:20 am - 11:50 am<br>\r\n12:00 nn - 12:30 pm<br>\r\n12:40 pm - 1:10 pm<br>\r\n1:20 pm - 2:00 pm<br>\r\n3:00 pm - 3:30 pm<br>\r\n3:40 pm - 4:10 pm<br>\r\n4:20 pm - 4:50 pm<br>\r\n5:00 pm - 5:30 pm<br>\r\n5:40 pm - 6:10 pm<br>\r\n6:20 pm - 6:50 pm<br>\r\n7:00 pm - 7:30 pm<br>\r\n7:40 pm - 8:10 pm<br>\r\n8:20 pm - 8:50 pm<br>\r\n9:00 pm - 10:00 pm<br>","Opening_hours_cn":"早上8時至8時30分<br>\r\n早上8時40分至9時10分<br>\r\n早上9時20分至9時50分<br>\r\n早上10時00分至10時30分<br>\r\n早上10時40分至11時10分<br>\r\n早上11時20分至11時50分<br>\r\n中午12時至下午12時30分<br>\r\n下午12時40分至1時10分<br>\r\n下午1時20分至2時<br>\r\n下午3時至3時30分<br>\r\n下午3時40分至4時10分<br>\r\n下午4時20分至4時50分<br>\r\n下午5時至5時30分<br>\r\n下午5時40分至晚上6時10分<br>\r\n晚上6時20分至6時50分<br>\r\n晚上7時至7時30分<br>\r\n晚上7時40分至8時10分<br>\r\n晚上8時20分至8時50分<br>\r\n晚上9時至10時<br>","Phone":"3427 3121","Others_en":"Theme:City<br>\r\nArea(M<sup>2<\/sup>):151<br>\r\nCapacity:25<br>","Others_cn":"遊戲室主題:城市<br>\r\n面積(米<sup>2<\/sup>):151<br>\r\n入場限額:25<br>","Photo_1":"https:\/\/www.lcsd.gov.hk\/en\/common\/images\/facilities\/facilitieslist\/children\/image11.jpg","Photo_2":"https:\/\/www.lcsd.gov.hk\/en\/common\/images\/facilities\/facilitieslist\/children\/image12.jpg","GIHS":"oaEwG8zi3e","Longitude":"114-14-58","Latitude":"22-15-49"},{"District_en":"Islands","District_cn":"離島區","Name_en":"Cheung Chau Sports Centre","Name_cn":"長洲體育館","Address_en":"No.3, Cheung Chau Hospital Road, Cheung Chau","Address_cn":"長洲醫院路三號","Opening_hours_en":"7:50am-8:40am<br>\r\n8:50am-9:40am<br>\r\n9:50am-10:40am<br>\r\n10:50am-11:40am<br>\r\n11:50am-12:40pm<br>\r\n1:50pm-2:40pm<br>\r\n2:50pm-3:40pm<br> \r\n3:50pm-4:40pm<br>\r\n4:50pm-5:40pm<br>\r\n5:50pm-6:40pm<br> \r\n6:50pm-7:40pm<br>\r\n7:50pm-8:40pm<br>\r\n8:50pm-9:40pm","Opening_hours_cn":"早上7時50分至8時40分<br>\r\n早上8時50分至9時40分<br>\r\n早上9時50分至10時40分<br>\r\n早上10時50分至11時40分<br>\r\n早上11時50分至下午12時40分<br>\r\n下午1時50分至2時40分<br>\r\n下午2時50分至3時40分<br>\r\n下午3時50分至4時40分<br>\r\n下午4時50分至5時40分<br>\r\n下午5時50分至晚上6時40分<br>\r\n晚上6時50分至7時40分<br>\r\n晚上7時50分至8時40分<br>\r\n晚上8時50分至9時40分","Phone":"2981 6285","Others_en":"Theme:Cheung Chau Characteristic(Bun Tower, Cheung Po Chai Cave, Windsurfing)<br>\r\nArea(M<sup>2<\/sup>):124.8<br>\r\nCapacity:40<br>","Others_cn":"遊戲室主題:長洲特色\r\n(包山、\r\n張保仔洞、\r\n滑浪風帆)\t<br>\r\n面積(米<sup>2<\/sup>):124.8<br>\r\n入場限額:40<br>","Photo_1":"https:\/\/www.lcsd.gov.hk\/en\/common\/images\/facilities\/facilitieslist\/children\/image43.jpg","Photo_2":"https:\/\/www.lcsd.gov.hk\/en\/common\/images\/facilities\/facilitieslist\/children\/image44.jpg","GIHS":"ZvenzVSC6B","Longitude":"114-1-52","Latitude":"22-12-27"},{"District_en":"Islands","District_cn":"離島區","Name_en":"Tung Chung Man Tung Road Sports Centre","Name_cn":"東涌文東路體育館","Address_en":"2\/F Tung Chung Municipal Services Building, 39 Man Tung Road, Tung Chung, N.T.","Address_cn":"新界東涌文東路39號東涌巿政大樓二樓","Opening_hours_en":"8:00am-9:20am <br>\r\n9:30am-11:20am <br>\r\n11:30am-1:20pm <br>\r\n2:00pm-3:20pm <br>\r\n3:30pm-5:20pm <br>\r\n5:30pm-7:20pm<br> \r\n7:30pm-9:30pm","Opening_hours_cn":"早上8時至9時20分 <br>\r\n早上9時30分至11時20分 <br>\r\n早上11時30分至下午1時20分<br>\r\n下午2時至3時20分<br> \r\n下午3時30分至5時20分<br> \r\n下午5時30分至晚上7時20分<br>\r\n晚上7時30分至9時30分","Phone":"2109 2421","Others_en":"Theme:Sailing Adventure\t<br>\r\nArea(M<sup>2<\/sup>):145.4<br>\r\nCapacity:48<br>","Others_cn":"遊戲室主題:航海歷險\t<br>\r\n面積(米<sup>2<\/sup>):145.4<br>\r\n入場限額:48<br>","Photo_1":"https:\/\/www.lcsd.gov.hk\/en\/common\/images\/facilities\/facilitieslist\/children\/image45.jpg","Photo_2":"https:\/\/www.lcsd.gov.hk\/en\/common\/images\/facilities\/facilitieslist\/children\/image46.jpg","GIHS":"dHsPb8snlq","Longitude":"113-56-38","Latitude":"22-17-26"},{"District_en":"Kowloon City","District_cn":"九龍城區","Name_en":"Ho Man Tin Sports Centre","Name_cn":"何文田體育館","Address_en":"No.1 Chung Yee Street, Ho Man Tin, Kowloon","Address_cn":"九龍何文田忠義街1號","Opening_hours_en":"9:00am-10:00am<br>\r\n10:10am-11:00am<br>\r\n11:10am-12:00nn<br>\r\n12:10pm-1:00pm<br>\r\n2:00pm-3:00pm<br>\r\n3:10pm-4:00pm<br>\r\n4:10pm-5:00pm<br>\r\n5:10pm-6:00pm<br>\r\n6:10pm-7:00pm<br>\r\n7:10pm-8:00pm<br>\r\n","Opening_hours_cn":"早上9時至10時<br>\r\n早上10時10分至11時<br>\r\n早上11時10分至中午12時<br>\r\n下午12時10分至1時<br>\r\n下午2時至3時<br>\r\n下午3時10分至4時<br>\r\n下午4時10分至5時<br>\r\n下午5時10分至晚上6時<br>\r\n晚上6時10分至7時<br>\r\n晚上7時10分至8時<br>","Phone":"2762 7837","Others_en":"Theme:Tropical Forest<br>\r\nArea(M<sup>2<\/sup>):85<br>\r\nCapacity:20<br>","Others_cn":"遊戲室主題:熱帶樹林<br>\r\n面積(米<sup>2<\/sup>):85<br>\r\n入場限額:20<br>","Photo_1":"https:\/\/www.lcsd.gov.hk\/en\/common\/images\/facilities\/facilitieslist\/children\/image23.jpg","Photo_2":"https:\/\/www.lcsd.gov.hk\/en\/common\/images\/facilities\/facilitieslist\/children\/image24.jpg","GIHS":"72Zzw9WrNL","Longitude":"114-10-52","Latitude":"22-18-43"},{"District_en":"Kowloon City","District_cn":"九龍城區","Name_en":"Hung Hom Municipal Services Building Sports Centre","Name_cn":"紅磡市政大廈體育館","Address_en":"5\/F., Hung Hom Municipal Services Building, 11 Ma Tau Wai Road, Hung Hom, Kowloon","Address_cn":"九龍紅磡馬頭圍道11號 紅磡市政大廈5樓","Opening_hours_en":"9:00am – 10:45am<br>\r\n11:00am – 11:45am<br>\r\n12:00nn – 12:45pm<br>\r\n1:00pm – 2:00pm<br>\r\n3:00pm – 3:45pm<br>\r\n4:00pm – 4:45pm<br>\r\n5:00pm – 5:45pm<br>\r\n6:00pm – 8:00pm<br>","Opening_hours_cn":"早上9時至10時45分<br>\r\n早上11時至11時45分<br>\r\n中午12時至下午12時45分<br>\r\n下午1時至2時<br>\r\n下午3時至3時45分<br>\r\n下午4時至4時45分<br>\r\n下午5時至5時45分<br>\r\n晚上6時至8時<br>","Phone":"2765 0586","Others_en":"Theme:Forest<br>\r\nArea(M<sup>2<\/sup>):90<br>\r\nCapacity:30<br>","Others_cn":"遊戲室主題:森林<br>\r\n面積(米<sup>2<\/sup>):90<br>\r\n入場限額:30<br>","Photo_1":"https:\/\/www.lcsd.gov.hk\/en\/common\/images\/facilities\/facilitieslist\/children\/image25.jpg","Photo_2":"https:\/\/www.lcsd.gov.hk\/en\/common\/images\/facilities\/facilitieslist\/children\/image26.jpg","GIHS":"VfRzQDZfZm","Longitude":"114-11-14","Latitude":"22-18-26"},{"District_en":"Kwai Tsing","District_cn":"葵青區","Name_en":"Tsing Yi Southwest Sports Centre","Name_cn":"青衣西南體育館","Address_en":"70 Chung Mei Road, Tsing Yi, New Territories","Address_cn":"新界青衣涌美路70號","Opening_hours_en":"9:00am - 9:45am<br \/> 10:00am - 10:45am<br \/> 11:00am - 11:45am<br \/> 12:00nn - 12:45pm<br \/> 2:00pm - 2:45pm<br \/> 3:00pm - 3:45pm<br \/> 4:00pm - 4:45pm<br \/> 5:00pm - 5:45pm<br \/> 7:00pm - 7:45pm<br\/> 8:00pm - 8:45pm<br \/> 9:00pm - 9:45pm","Opening_hours_cn":"早上9時至9時45分<br \/> 早上10時至10時45分<br \/> 早上11時至11時45分<br \/> 中午12時至下午12時45分<br \/> 下午2時至2時45分<br \/> 下午3時至3時45分<br \/> 下午4時至4時45分<br \/> 下午5時至5時45分<br \/> 晚上7時至7時45分<br \/> 晚上8時至8時45分<br \/> 晚上9時至9時45分","Phone":"2341 0102","Others_en":"Theme:Ocean<br> Area(M<sup>2<\/sup>):350<br> Capacity:46","Others_cn":"遊戲室主題:海洋<br> 面積(米<sup>2<\/sup>):350<br> 入場限額:46","Photo_1":"https:\/\/www.lcsd.gov.hk\/en\/common\/images\/facilities\/facilitieslist\/children\/1449_image70.jpg","Photo_2":"https:\/\/www.lcsd.gov.hk\/en\/common\/images\/facilities\/facilitieslist\/children\/1449_image71.jpg","GIHS":"t37zFVeYqt","Longitude":"114-6-8","Latitude":"22-21-5"},{"District_en":"Kwun Tong","District_cn":"觀塘區","Name_en":"Lam Tin South Sports Centre","Name_cn":"藍田(南)體育館","Address_en":"170 Pik Wan Road, Lam Tin, Kwun Tong, Kowloon","Address_cn":"九龍觀塘藍田碧雲道170號","Opening_hours_en":"9:00am-10:00am<br>\r\n10:10am-11:15am<br>\r\n11:45am-12:50pm<br>\r\n1:00pm-2:00pm<br>\r\n3:00pm-4:00pm<br>\r\n4:10pm-5:15pm<br>\r\n5:45pm-6:50pm<br>\r\n7:00pm-8:00pm<br>","Opening_hours_cn":"早上9時至10時<br>\r\n早上10時10分至11時15分<br>\r\n早上11時45分至下午12時50分<br>\r\n下午1時至2時<br>\r\n下午3時至4時<br>\r\n下午4時10分至5時15分<br>\r\n下午5時45分至晚上6時50分<br>\r\n晚上7時至8時<br>","Phone":"2379 9254","Others_en":"Theme:Wetlands<br>\r\nArea(M<sup>2<\/sup>):130<br>\r\nCapacity:30<br>","Others_cn":"遊戲室主題:濕地<br>\r\n面積(米<sup>2<\/sup>):130<br>\r\n入場限額:30<br>","Photo_1":"https:\/\/www.lcsd.gov.hk\/en\/common\/images\/facilities\/facilitieslist\/children\/image29.jpg","Photo_2":"https:\/\/www.lcsd.gov.hk\/en\/common\/images\/facilities\/facilitieslist\/children\/image30.jpg","GIHS":"pEIqhGVtHw","Longitude":"114-14-20","Latitude":"22-18-14"},{"District_en":"Kwun Tong","District_cn":"觀塘區","Name_en":"Lei Yue Mun Sports Centre","Name_cn":"鯉魚門體育館","Address_en":"2\/F Lei Yue Mun Municipal Services Building, 6 Lei Yue Mun Path, Yau Tong, Kowloon","Address_cn":"九龍油塘鯉魚門徑6號鯉魚門市政大廈2樓","Opening_hours_en":"9:00am-9:30am<br>\r\n9:30am-10:00am<br>\r\n10:00am-10:30am<br>\r\n11:00am-11:30am<br>\r\n11:30am-12:00nn<br>\r\n12:00nn-12:30pm<br>\r\n12:30pm-1:00pm<br>\r\n2:00pm-2:30pm<br>\r\n2:30pm-3:00pm<br>\r\n3:00pm-3:30pm<br>\r\n4:00pm-4:30pm<br>\r\n4:30pm-5:00pm<br>\r\n5:00pm-5:30pm<br>\r\n6:00pm-6:30pm<br>\r\n6:30pm-7:00pm<br>\r\n7:00pm-7:30pm<br>\r\n7:30pm-8:00pm","Opening_hours_cn":"早上9時至9時30分<br>\r\n早上9時30分至10時<br>\r\n早上10時至10時30分<br>\r\n早上11時至11時30分<br>\r\n早上11時30分至中午12時<br>\r\n中午12時至下午12時30分<br>\r\n下午12時30分至1時<br>\r\n下午2時至2時30分<br>\r\n下午2時30分至3時<br>\r\n下午3時至3時30分<br>\r\n下午4時至4時30分<br>\r\n下午4時30分至5時<br>\r\n下午5時至5時30分<br>\r\n晚上6時至6時30分<br>\r\n晚上6時30分至7時<br>\r\n晚上7時至7時30分<br>\r\n晚上7時30分至8時","Phone":"2349 3954","Others_en":"Theme:Ocean World<br>\r\nArea(M<sup>2<\/sup>):150<br>\r\nCapacity:30<br>","Others_cn":"遊戲室主題:海洋世界<br>\r\n面積(米<sup>2<\/sup>):150<br>\r\n入場限額:30<br>","Photo_1":"https:\/\/www.lcsd.gov.hk\/en\/common\/images\/facilities\/facilitieslist\/children\/image27.jpg","Photo_2":"https:\/\/www.lcsd.gov.hk\/en\/common\/images\/facilities\/facilitieslist\/children\/image28.jpg","GIHS":"50LZ5tO27J","Longitude":"114-14-19","Latitude":"22-17-31"},{"District_en":"Kwun Tong","District_cn":"觀塘區","Name_en":"Shun Lee Tsuen Sports Centre","Name_cn":"順利邨體育館","Address_en":"No.33, Shun Lee Tsuen Road, Kwun Tong, Kowloon","Address_cn":"九龍觀塘順利邨道33號","Opening_hours_en":"9:00am-10:00am<br>\r\n10:05am-11:15am<br>\r\n11:45am-12:55pm<br>\r\n1:00pm-2:00pm<br>\r\n3:00pm-4:00pm<br>\r\n4:05pm-5:15pm<br>\r\n5:45pm-6:55pm<br>\r\n7:00pm-8:00pm","Opening_hours_cn":"早上9時至10時<br>\r\n早上10時05分至11時15分<br>\r\n早上11時45分至下午12時55分<br>\r\n下午1時至2時<br>\r\n下午3時至4時<br>\r\n下午4時05分至5時15分<br>\r\n下午5時45分至晚上6時55分<br>\r\n晚上7時至8時","Phone":"2951 4136","Others_en":"Theme:Forest<br>\r\nArea(M<sup>2<\/sup>):167<br>\r\nCapacity:30<br>","Others_cn":"遊戲室主題:森林<br>\r\n面積(米<sup>2<\/sup>):167<br>\r\n入場限額:30<br>","Photo_1":"https:\/\/www.lcsd.gov.hk\/en\/common\/images\/facilities\/facilitieslist\/children\/image31.jpg","Photo_2":"https:\/\/www.lcsd.gov.hk\/en\/common\/images\/facilities\/facilitieslist\/children\/image32.jpg","GIHS":"kUp9po8NdI","Longitude":"114-13-32","Latitude":"22-19-47"},{"District_en":"North","District_cn":"北區","Name_en":"Luen Wo Hui Sports Centre","Name_cn":"聯和墟體育館","Address_en":"3\/F, 9 Wo Mun Street, Luen Wo Hui, Fanling, New Territories","Address_cn":"新界粉嶺聯和墟和滿街9號3樓","Opening_hours_en":"8:00am-8:50am<br>\r\n9:00am-9:50am<br>\r\n10:00am-10:50am<br>\r\n11:00am-11:50am<br>\r\n12:00nn -1:00pm<br>\r\n2:00pm-2:50pm<br>\r\n3:00pm-3:50pm<br>\r\n4:00pm-4:50pm<br>\r\n5:00pm-5:50pm<br>\r\n6:00pm-6:50pm<br>\r\n7:00pm-7:50pm<br>\r\n8:00pm-8:50pm<br>\r\n9:00pm-9:50pm","Opening_hours_cn":"早上8時至8時50分<br>\r\n早上9時至9時50分<br>\r\n早上10時至10時50分<br>\r\n早上11時至11時50分<br>\r\n中午12時至下午1時<br>\r\n下午2時至2時50分<br>\r\n下午3時至3時50分<br>\r\n下午4時至4時50分<br>\r\n下午5時至5時50分<br>\r\n晚上6時至6時50分<br>\r\n晚上7時至7時50分<br>\r\n晚上8時至8時50分<br>\r\n晚上9時至9時50分","Phone":"2677 5149","Others_en":"Theme:Farm Yard\t<br>\r\nArea(M<sup>2<\/sup>):130<br>\r\nCapacity:24<br>","Others_cn":"遊戲室主題:農場\t<br>\r\n面積(米<sup>2<\/sup>):130<br>\r\n入場限額:24<br>","Photo_1":"https:\/\/www.lcsd.gov.hk\/en\/common\/images\/facilities\/facilitieslist\/children\/image49.jpg","Photo_2":"https:\/\/www.lcsd.gov.hk\/en\/common\/images\/facilities\/facilitieslist\/children\/image50.jpg","GIHS":"beSpGJQrvL","Longitude":"114-8-42","Latitude":"22-30-1"},{"District_en":"North","District_cn":"北區","Name_en":"Po Wing Road Sports Centre","Name_cn":"保榮路體育館","Address_en":"19 Pak Wo Road, Sheung Shui, New Territories","Address_cn":"新界上水百和路19號","Opening_hours_en":"(The Children&rsquo;s Play Room will be temporarily closed for renovation from 7 January 2019 to 17 March 2019)<br \/><br \/>8:00am-8:50am<br \/> 9:00am-9:50am<br \/> 10:00am-10:50am<br \/> 11:00am-12:00nn<br \/> 1:00pm-1:50pm<br \/> 2:00pm-2:50pm<br \/> 3:00pm-3:50pm<br \/> 4:00pm-4:50pm<br \/> 5:00pm-5:50pm<br \/> 6:00pm-6:50pm<br \/> 7:00pm-7:50pm<br \/> 8:00pm-8:50pm<br \/> 9:00pm-9:50pm","Opening_hours_cn":"(兒童遊戲室將由2019年1月7日至3月17日暫停開放，以便進行翻新工程)<br \/><br \/>早上8時至8時50分<br \/> 早上9時至9時50分<br \/> 早上10時至10時50分<br \/> 早上11時至中午12時正<br \/> 下午1時至1時50分<br \/> 下午2時至2時50分<br \/> 下午3時至3時50分<br \/> 下午4時至4時50分<br \/> 下午5時至5時50分<br \/> 晚上6時至6時50分<br \/> 晚上7時至7時50分<br \/> 晚上8時至8時50分<br \/> 晚上9時至9時50分","Phone":"2639 2979","Others_en":"Theme:Sailing Space Adventure <br \/> Area(M<sup>2<\/sup>):328<br \/> Capacity:50","Others_cn":"遊戲室主題:太空歷險 <br \/> 面積(米<sup>2<\/sup>):328<br \/> 入場限額:50","Photo_1":"https:\/\/www.lcsd.gov.hk\/en\/common\/images\/facilities\/facilitieslist\/children\/1345_image47.jpg","Photo_2":"https:\/\/www.lcsd.gov.hk\/en\/common\/images\/facilities\/facilitieslist\/children\/1345_image48.jpg","GIHS":"NaDMA7XHJI","Longitude":"114-7-42","Latitude":"22-29-49"},{"District_en":"Sai Kung","District_cn":"西貢區","Name_en":"Hang Hau Sports Centre","Name_cn":"坑口體育館","Address_en":"1\/F, Sai Kung Tseung Kwan O Government Complex, 38 Pui Shing Road, Tseung Kwan O","Address_cn":"將軍澳培成路38號 西貢將軍澳政府綜合 大樓1樓","Opening_hours_en":"9:00am-10:15am<br>\r\n10:30am-11:15am<br>\r\n11:30am-12:15pm<br>\r\n12:30pm-1:30pm<br>\r\n2:30pm-3:15pm<br>\r\n3:30pm-4:15pm<br>\r\n4:30pm-5:15pm<br>\r\n5:30pm-6:15pm<br>\r\n6:30pm-8:15pm<br>\r\n8:30pm-9:30pm","Opening_hours_cn":"早上9時正至10時15分<br>\r\n早上10時30分至11時15分<br>\r\n早上11時30分至下午12時15分<br>\r\n下午12時30分至1時30分<br>\r\n下午2時30分至3時15分<br>\r\n下午3時30分至4時15分<br>\r\n下午4時30分至5時15分<br>\r\n下午5時30分至晚上6時15分<br>\r\n晚上6時30分至8時15分<br>\r\n晚上8時30分至9時30分","Phone":"2623 5928","Others_en":"Theme:Aqua World\t\t<br>\r\nArea(M<sup>2<\/sup>):226<br>\r\nCapacity:40<br>","Others_cn":"遊戲室主題:奇妙水世界\t<br>\r\n面積(米<sup>2<\/sup>):226<br>\r\n入場限額:40<br>","Photo_1":"https:\/\/www.lcsd.gov.hk\/en\/common\/images\/facilities\/facilitieslist\/children\/image51.jpg","Photo_2":"https:\/\/www.lcsd.gov.hk\/en\/common\/images\/facilities\/facilitieslist\/children\/image52.jpg","GIHS":"979T1t2VXr","Longitude":"114-16-6","Latitude":"22-19-2"},{"District_en":"Sai Kung","District_cn":"西貢區","Name_en":"Hong Kong Velodrome","Name_cn":"香港單車館","Address_en":"105-107 Po Hong Road, Tseung Kwan O","Address_cn":"將軍澳寶康路105-107號","Opening_hours_en":"\r\n9:00am-10:15am<br>\r\n10:30am-11:15am<br>\r\n11:30am-12:30pm<br>\r\n1:30pm-2:15pm<br>\r\n2:30pm-3:15pm<br>\r\n3:30pm-4:15pm<br>\r\n4:30pm-5:15pm<br>\r\n5:30pm-6:15pm<br>\r\n6:30pm-8:15pm<br>\r\n8:30pm-9:30pm","Opening_hours_cn":"早上9時正至10時15分<br>\r\n早上10時30分至11時15分<br>\r\n早上11時30分至下午12時30分<br>\r\n下午1時30分至2時15分<br>\r\n下午2時30分至3時15分<br>\r\n下午3時30分至4時15分<br>\r\n下午4時30分至5時15分<br>\r\n下午5時30分至晚上6時15分<br>\r\n晚上6時30分至8時15分<br>\r\n晚上8時30分至9時30分","Phone":"2878 8622","Others_en":"Theme:X Games\t\t<br>\r\nArea(M<sup>2<\/sup>):286<br>\r\nCapacity:45<br>","Others_cn":"遊戲室主題:極限運動\t\t<br>\r\n面積(米<sup>2<\/sup>):286<br>\r\n入場限額:45<br>","Photo_1":"https:\/\/www.lcsd.gov.hk\/en\/common\/images\/facilities\/facilitieslist\/children\/image55.jpg","Photo_2":"https:\/\/www.lcsd.gov.hk\/en\/common\/images\/facilities\/facilitieslist\/children\/image56.jpg","GIHS":"H6n7tqG0GE","Longitude":"114-15-45","Latitude":"22-18-47"},{"District_en":"Sai Kung","District_cn":"西貢區","Name_en":"Tiu Keng Leng Sports Centre","Name_cn":"調景嶺體育館","Address_en":"2 Chui Ling Road, Tseung Kwan O","Address_cn":"將軍澳翠嶺路2號","Opening_hours_en":"9:00am-10:15am<br>\r\n10:30am-11:15am<br>\r\n11:30am-12:15pm<br>\r\n12:30pm-1:30pm<br>\r\n2:30pm-3:15pm<br>\r\n3:30pm-4:15pm<br>\r\n4:30pm-5:15pm<br>\r\n5:30pm-6:15pm<br>\r\n6:30pm-8:15pm<br>\r\n8:30pm-9:30pm","Opening_hours_cn":"早上9時正至10時15分<br>\r\n早上10時30分至11時15分<br>\r\n早上11時30分至下午12時15分<br>\r\n下午12時30分至1時30分<br>\r\n下午2時30分至3時15分<br>\r\n下午3時30分至4時15分<br>\r\n下午4時30分至5時15分<br>\r\n下午5時30分至晚上6時15分<br>\r\n晚上6時30分至8時15分<br>\r\n晚上8時30分至9時30分","Phone":"2481 5033","Others_en":"Theme:Ocean World\t\t<br>\r\nArea(M<sup>2<\/sup>):249<br>\r\nCapacity:40<br>","Others_cn":"遊戲室主題:海洋世界\t\t<br>\r\n面積(米<sup>2<\/sup>):249<br>\r\n入場限額:40<br>","Photo_1":"https:\/\/www.lcsd.gov.hk\/en\/common\/images\/facilities\/facilitieslist\/children\/image53.jpg","Photo_2":"https:\/\/www.lcsd.gov.hk\/en\/common\/images\/facilities\/facilitieslist\/children\/image54.jpg","GIHS":"4w24kA9ZGA","Longitude":"114-15-17","Latitude":"22-18-22"},{"District_en":"Sha Tin","District_cn":"沙田區","Name_en":"Ma On Shan Sports Centre","Name_cn":"馬鞍山體育館","Address_en":"14 On Chun Street, Ma On Shan, Sha Tin, New Territories","Address_cn":"新界沙田馬鞍山鞍駿街14 號","Opening_hours_en":"8:00 am - 8:25 am<br>\r\n8:25 am - 8:50 am<br>\r\n9:00 am - 9:25 am<br>\r\n9:25 am - 9:50 am<br>\r\n10:00 am - 10:25 am<br>\r\n10:25 am - 10:50 am<br>\r\n11:00 am - 11:25 am<br>\r\n12:00  nn - 12:25 pm<br>\r\n12:25 pm - 12:50 pm<br>\r\n1:00 pm - 1:25 pm<br>\r\n1:25 pm - 1:50 pm<br>\r\n2:00 pm - 2:25 pm<br>\r\n2:25 pm - 2:50 pm<br>\r\n3:00 pm - 3:25 pm<br>\r\n4:00 pm - 4:25 pm<br>\r\n4:25 pm - 4:50 pm<br>\r\n5:00 pm - 5:25 pm<br>\r\n5:25 pm - 5:50 pm<br>\r\n6:00 pm - 6:25 pm<br>\r\n6:25 pm - 6:50 pm<br>\r\n7:00 pm - 7:25 pm<br>\r\n7:25 pm - 7:50 pm<br>\r\n8:00 pm - 8:25 pm<br>\r\n8:25 pm - 8:50 pm<br>\r\n9:00 pm - 9:25 pm<br>\r\n9:25 pm - 9:50 pm<br>","Opening_hours_cn":"早上8時至8時25分<br>\r\n早上8時25分至8時50分<br>\r\n早上9時至9時25分<br>\r\n早上9時25分至9時50分<br>\r\n早上10時至10時25分<br>\r\n早上10時25分至10時50分<br>\r\n早上11時至11時25分<br>\r\n中午12時至下午12時25分<br>\r\n下午12時25分至12時50分<br>\r\n下午1時至1時25分<br>\r\n下午1時25分至1時50分<br>\r\n下午2時至2時25分<br>\r\n下午2時25分至2時50分<br>\r\n下午3時至3時25分<br>\r\n下午4時至4時25分<br>\r\n下午4時25分至4時50分<br>\r\n下午5時至5時25分<br>\r\n下午5時25分至5時50分<br>\r\n晚上6時至6時25分<br>\r\n晚上6時25分至6時50分<br>\r\n晚上7時至7時25分<br>\r\n晚上7時25分至7時50分<br>\r\n晚上8時至8時25分<br>\r\n晚上8時25分至8時50分<br>\r\n晚上9時至9時25分<br>\r\n晚上9時25分至9時50分<br>","Phone":"2631 1597","Others_en":"Theme:Adventure of Mining<br>\r\nArea(M<sup>2<\/sup>):130<br>\r\nCapacity:20<br>","Others_cn":"遊戲室主題:奇趣礦洞<br>\r\n面積(米<sup>2<\/sup>):130<br>\r\n入場限額:20<br>","Photo_1":"https:\/\/www.lcsd.gov.hk\/en\/common\/images\/facilities\/facilitieslist\/children\/image57.jpg","Photo_2":"https:\/\/www.lcsd.gov.hk\/en\/common\/images\/facilities\/facilitieslist\/children\/image58.jpg","GIHS":"rOCazl5GqH","Longitude":"114-13-46","Latitude":"22-25-34"},{"District_en":"Sha Tin","District_cn":"沙田區","Name_en":"Yuen Chau Kok Sports Centre","Name_cn":"圓洲角體育館","Address_en":"35 Ngan Shing Street, Sha Tin, New Territories","Address_cn":"新界沙田銀城街35號","Opening_hours_en":"8:00am-8:25am<br>\r\n8:25am-8:50am<br>\r\n9:00am-9:25am<br>\r\n9:25am-9:50am<br>\r\n10:00am-10:25am<br>\r\n10:25am-10:50am<br>\r\n11:00am-11:25am<br>\r\n12:00 nn-12:25pm<br>\r\n12:25pm-12:50pm<br>\r\n1:00pm-1:25pm<br>\r\n1:25pm-1:50pm<br>\r\n2:00pm-2:25pm<br>\r\n2:25pm-2:50pm<br>\r\n3:00pm-3:25pm<br>\r\n4:00pm-4:25pm<br>\r\n4:25pm-4:50pm<br>\r\n5:00pm-5:25pm<br>\r\n5:25pm-5:50pm<br>\r\n6:00pm-6:25pm<br>\r\n6:25pm-6:50pm<br>\r\n7:00pm-7:25pm<br>\r\n7:25pm-7:50pm<br>\r\n8:00pm-8:25pm<br>\r\n8:25pm-8:50pm<br>\r\n9:00pm-9:25pm<br>\r\n9:25pm-9:50pm","Opening_hours_cn":"早上8時至8時25分<br>\r\n早上8時25分至8時50分<br>\r\n早上9時至9時25分<br>\r\n早上9時25分至9時50分<br>\r\n早上10時至10時25分<br>\r\n早上10時25分至10時50分<br>\r\n早上11時至11時25分<br>\r\n中午12時至下午12時25分<br>\r\n下午12時25分至12時50分<br>\r\n下午1時至1時25分<br>\r\n下午1時25分至1時50分<br>\r\n下午2時至2時25分<br>\r\n下午2時25分至2時50分<br>\r\n下午3時至3時25分<br>\r\n下午4時至4時25分<br>\r\n下午4時25分至4時50分<br>\r\n下午5時至5時25分<br>\r\n下午5時25分至5時50分<br>\r\n晚上6時至6時25分<br>\r\n晚上6時25分至6時50分<br>\r\n晚上7時至7時25分<br>\r\n晚上7時25分至7時50分<br>\r\n晚上8時至8時25分<br>\r\n晚上8時25分至8時50分<br>\r\n晚上9時至9時25分<br>\r\n晚上9時25分至9時50分","Phone":"2509 9108","Others_en":"Theme:Forest\t<br>\r\nArea(M<sup>2<\/sup>):324<br>\r\nCapacity:40<br>","Others_cn":"遊戲室主題:森林\t<br>\r\n面積(米<sup>2<\/sup>):324<br>\r\n入場限額:40<br>","Photo_1":"https:\/\/www.lcsd.gov.hk\/en\/common\/images\/facilities\/facilitieslist\/children\/image67.jpg","Photo_2":null,"GIHS":"ynd05jJTiK","Longitude":"114-12-16","Latitude":"22-22-47"},{"District_en":"Sham Shui Po","District_cn":"深水埗區","Name_en":"Pei Ho Street Sports Centre","Name_cn":"北河街體育館","Address_en":"5\/F, Pei Ho Street Municipal Services Building, 333 Ki Lung Street, Sham Shui Po, Kowloon","Address_cn":"九龍深水埗基隆街333號 北河街市政大廈5樓","Opening_hours_en":"9:00am-9:50am<br>\r\n10:00am-10:50am<br>\r\n11:00pm-11:50am<br>\r\n12:00nn-12:50pm<br>\r\n2:00pm-2:50pm<br>\r\n3:00pm-3:50pm<br>\r\n4:00pm-4:50pm<br>\r\n5:00pm-5:50pm<br>\r\n6:00pm-6:50pm<br>\r\n7:00pm-7:50pm<br>","Opening_hours_cn":"早上9時至9時50分<br>\r\n早上10時至10時50分<br>\r\n早上11時至11時50分<br>\r\n中午12時至下午12時50分<br>\r\n下午2時至2時50分<br>\r\n下午3時至3時50分<br>\r\n下午4時至4時50分<br>\r\n下午5時至5時50分<br>\r\n下午6時至6時50分<br>\r\n下午7時至7時50分<br>","Phone":"2729 1010","Others_en":"Theme:Candy House<br>\r\nArea(M<sup>2<\/sup>):Around 110<br>\r\nCapacity:28<br>","Others_cn":"遊戲室主題:糖果屋<br>\r\n面積(米<sup>2<\/sup>):約 110<br>\r\n入場限額:28<br>","Photo_1":"https:\/\/www.lcsd.gov.hk\/en\/common\/images\/facilities\/facilitieslist\/children\/image35.jpg","Photo_2":"https:\/\/www.lcsd.gov.hk\/en\/common\/images\/facilities\/facilitieslist\/children\/image36.jpg","GIHS":"ZSyCSrj3cj","Longitude":"114-9-40","Latitude":"22-19-45"},{"District_en":"Sham Shui Po","District_cn":"深水埗區","Name_en":"Shek Kip Mei Park Sports Centre","Name_cn":"石硤尾公園體育館","Address_en":"290 Nam Cheong Street, Sham Shui Po, Kowloon","Address_cn":"九龍深水埗南昌街290號","Opening_hours_en":"9:00am-10:00am<br>\r\n10:00am-10:50am<br>\r\n11:00am-12:00nn<br>\r\n12:00nn-12:50pm<br>\r\n1:00pm-2:00pm<br>\r\n3:00pm-4:00pm<br>\r\n4:00pm-4:50pm<br>\r\n5:00pm-6:00pm<br>\r\n6:00pm-6:50pm<br>\r\n7:00pm-8:00pm","Opening_hours_cn":"早上9時至10時<br>\r\n早上10時至10時50分<br>\r\n早上11時至中午12時<br>\r\n中午12時至下午12時50分<br>\r\n下午1時至2時<br>\r\n下午3時至4時<br>\r\n下午4時至4時50分<br>\r\n下午5時至晚上6時<br>\r\n晚上6時至6時50分<br>\r\n晚上7時至8時","Phone":"2784 7424","Others_en":"Theme:Forest<br>\r\nArea(M<sup>2<\/sup>):184<br>\r\nCapacity:30<br>","Others_cn":"遊戲室主題:森林<br>\r\n面積(米<sup>2<\/sup>):184<br>\r\n入場限額:30<br>","Photo_1":"https:\/\/www.lcsd.gov.hk\/en\/common\/images\/facilities\/facilitieslist\/children\/image33.jpg","Photo_2":"https:\/\/www.lcsd.gov.hk\/en\/common\/images\/facilities\/facilitieslist\/children\/image34.jpg","GIHS":"6FcFsDbhcX","Longitude":"114-10-12","Latitude":"22-20-14"},{"District_en":"Southern","District_cn":"南區","Name_en":"Aberdeen Sports Centre","Name_cn":"香港仔體育館","Address_en":"5\/F., Aberdeen Municipal Services Building, 203 Aberdeen Main Road, Aberdeen, Hong Kong","Address_cn":"香港仔大道203號香港仔市政大廈5樓","Opening_hours_en":"9:00am-9:50am<br>\r\n10:00am-10:50am<br>\r\n11:00am-11:50am<br>\r\n12:00nn-1:00pm<br>\r\n2:00pm-2:50pm<br>\r\n3:00pm-3:50pm<br>\r\n4:00pm-4:50pm<br>\r\n5:00pm-5:50pm<br>\r\n6:00pm-6:50pm<br>\r\n7:00pm-8:00pm<br>","Opening_hours_cn":"早上9時至9時50分<br>\r\n早上10時至10時50分<br>\r\n早上11時至11時50分<br>\r\n中午12時至下午1時<br>\r\n下午2時至2時50分<br>\r\n下午3時至3時50分<br>\r\n下午4時至4時50分<br>\r\n下午5時至5時50分<br>\r\n晚上6時至6時50分<br>\r\n晚上7時至8時","Phone":"2555 8909","Others_en":"Theme:Joyful Land<br>\r\nArea(M<sup>2<\/sup>):130<br>\r\nCapacity:25<br>","Others_cn":"遊戲室主題:開心樂園<br>\r\n面積(米<sup>2<\/sup>):130<br>\r\n入場限額:25<br>","Photo_1":"https:\/\/www.lcsd.gov.hk\/en\/common\/images\/facilities\/facilitieslist\/children\/image13.jpg","Photo_2":"https:\/\/www.lcsd.gov.hk\/en\/common\/images\/facilities\/facilitieslist\/children\/image14.jpg","GIHS":"80hSCBcAOQ","Longitude":"114-9-16","Latitude":"22-14-58"},{"District_en":"Southern","District_cn":"南區","Name_en":"Ap Lei Chau Sports Centre","Name_cn":"鴨脷洲體育館","Address_en":"1\/F, Ap Lei Chau Municipal Services Building, 8 Hung Shing Street, Ap Lei Chau, Hong Kong.","Address_cn":"香港鴨脷洲洪聖街8號鴨脷洲市政大廈1樓","Opening_hours_en":"9:00am-9:50am<br>\r\n10:00am-10:50am<br>\r\n11:00am-11:50am<br>\r\n12:00nn-12:50pm<br>\r\n1:00pm-2:00pm<br>\r\n3:00pm-3:50pm<br>\r\n4:00pm-4:50pm<br>\r\n5:00pm-5:50pm<br>\r\n6:00pm-6:50pm<br>\r\n7:00pm-8:00pm","Opening_hours_cn":"早上9時至9時50分<br>\r\n早上10時至10時50分<br>\r\n早上11時至11時50分<br>\r\n中午12時至下午12時50分<br>\r\n下午1時至2時<br>\r\n下午3時至3時50分<br>\r\n下午4時至4時50分<br>\r\n下午5時至5時50分<br>\r\n晚上6時至6時50分<br>\r\n晚上7時至8時","Phone":"2554 0832","Others_en":"Theme:Mermaid<br>\r\nArea(M<sup>2<\/sup>):140<br>\r\nCapacity:30<br>","Others_cn":"遊戲室主題:小魚仙<br>\r\n面積(米<sup>2<\/sup>):140<br>\r\n入場限額:30<br>","Photo_1":"https:\/\/www.lcsd.gov.hk\/en\/common\/images\/facilities\/facilitieslist\/children\/image15.jpg","Photo_2":"https:\/\/www.lcsd.gov.hk\/en\/common\/images\/facilities\/facilitieslist\/children\/image16.jpg","GIHS":"1cydaZdr9K","Longitude":"114-9-20","Latitude":"22-14-40"},{"District_en":"Southern","District_cn":"南區","Name_en":"Stanley Sports Centre","Name_cn":"赤柱體育館","Address_en":"UG\/F, Stanley Municipal Services Building, 6 Stanley Market Road, Hong Kong","Address_cn":"赤柱市場道6號赤柱市政大廈地面上層","Opening_hours_en":"9:00am-9:50am<br>\r\n10:00am-10:50am<br>\r\n11:00am-11:50am<br>\r\n12:00nn-12:50pm<br>\r\n1:00pm-2:00pm<br>\r\n3:00pm-3:50pm<br>\r\n4:00pm-4:50pm<br>\r\n5:00pm-5:50pm<br>\r\n6:00pm-6:50pm<br>\r\n7:00pm-7:50pm<br>\r\n8:00pm-8:50pm<br>\r\n9:00pm-10:00pm","Opening_hours_cn":"早上9時至9時50分<br>\r\n早上10時至10時50分<br>\r\n早上11時至11時50分<br>\r\n中午12時至下午12時50分<br>\r\n下午1時至2時<br>\r\n下午3時至3時50分<br>\r\n下午4時至4時50分<br>\r\n下午5時至5時50分<br>\r\n晚上6時至6時50分<br>\r\n晚上7時至7時50分<br>\r\n晚上8時至8時50分<br>\r\n晚上9時至10時","Phone":"2813 5106","Others_en":"Theme:Ocean World<br>\r\nArea(M<sup>2<\/sup>):174<br>\r\nCapacity:26<br>","Others_cn":"遊戲室主題:海洋世界<br>\r\n面積(米<sup>2<\/sup>):174<br>\r\n入場限額:26<br>","Photo_1":"https:\/\/www.lcsd.gov.hk\/en\/common\/images\/facilities\/facilitieslist\/children\/image17.jpg","Photo_2":"https:\/\/www.lcsd.gov.hk\/en\/common\/images\/facilities\/facilitieslist\/children\/image18.jpg","GIHS":"NEhICEQrVe","Longitude":"114-12-44","Latitude":"22-13-9"},{"District_en":"Tai Po","District_cn":"大埔區","Name_en":"Tai Po Hui Sports Centre","Name_cn":"大埔墟體育館","Address_en":"6\/F, Tai Po Complex, No.8, Heung Sze Wui Street, Tai Po, New Territories","Address_cn":"新界大埔鄉事會街8號 大埔綜合大樓6樓","Opening_hours_en":"8:00am-9:50am<br>\r\n10:00am-11:50am<br>\r\n12:00nn-1:00pm<br>\r\n2:00pm-2:50pm<br>\r\n3:00pm-3:50pm<br>\r\n4:00pm-4:50pm<br>\r\n5:00pm-5:50pm<br>\r\n6:00pm-6:50pm<br>\r\n7:00pm-9:00pm","Opening_hours_cn":"早上8時至9時50分<br>\r\n早上10時至11時50分<br>\r\n中午12時至下午1時<br>\r\n下午2時至下午2時50分<br>\r\n下午3時至下午3時50分<br>\r\n下午4時至下午4時50分<br>\r\n下午5時至下午5時50分<br>\r\n下午6時至下午6時50分<br>\r\n下午7時至9時","Phone":"3183 9011","Others_en":"Theme:Farmland\t<br>\r\nArea(M<sup>2<\/sup>):125<br>\r\nCapacity:30<br>","Others_cn":"遊戲室主題:田園\t<br>\r\n面積(米<sup>2<\/sup>):125<br>\r\n入場限額:30<br>","Photo_1":"https:\/\/www.lcsd.gov.hk\/en\/common\/images\/facilities\/facilitieslist\/children\/image59.jpg","Photo_2":"https:\/\/www.lcsd.gov.hk\/en\/common\/images\/facilities\/facilitieslist\/children\/image60.jpg","GIHS":"OiNS4XSkjd","Longitude":"114-9-60","Latitude":"22-26-46"},{"District_en":"Tsuen Wan","District_cn":"荃灣區","Name_en":"Tsuen Wan Sports Centre","Name_cn":"荃灣體育館","Address_en":"53 Wing Shun Street, Tsuen Wan, New Territories","Address_cn":"新界荃灣永順街53號","Opening_hours_en":"8:30am to 9:15am<br>\r\n9:30am to 10:15am<br>\r\n10:30am to 11:15am<br>\r\n11:30am to 12:15noon<br>\r\n1:30pm to 2:15pm<br>\r\n2:30pm to 3:15pm<br>\r\n3:30pm to 4:15pm<br>\r\n4:30pm to 5:15pm<br>\r\n5:30pm to 6:15pm<br>\r\n7:30pm to 8:15pm<br>\r\n8:30pm to 9:15pm\r\n","Opening_hours_cn":"早上8時30分至9時15分<br>\r\n早上9時30分至10時15分<br>\r\n早上10時30分至11時15分<br>\r\n早上11時30分至中午12時15分<br>\r\n下午1時30分至2時15分<br>\r\n下午2時30分至3時15分<br>\r\n下午3時30分至4時15分<br>\r\n下午4時30分至5時15分<br>\r\n下午5時30分至6時15分<br>\r\n晚上7時30分至8時15分<br>\r\n晚上8時30分至9時15分\r\n","Phone":"2392 9570","Others_en":"Theme:Ocean<br>\r\nArea(M<sup>2<\/sup>):220<br>\r\nCapacity:30<br>","Others_cn":"遊戲室主題:海洋<br>\r\n面積(米<sup>2<\/sup>):220<br>\r\n入場限額:30<br>","Photo_1":"https:\/\/www.lcsd.gov.hk\/en\/common\/images\/facilities\/facilitieslist\/children\/twsctw_01.jpg","Photo_2":"https:\/\/www.lcsd.gov.hk\/en\/common\/images\/facilities\/facilitieslist\/children\/twsctw_02.jpg","GIHS":"uKWfLywRHi","Longitude":"114-6-46","Latitude":"22-21-57"},{"District_en":"Wan Chai","District_cn":"灣仔區","Name_en":"Wong Nai Chung Sports Centre","Name_cn":"黃泥涌體育館","Address_en":"4\/F, Wong Nai Chung Municipal Services Building,No.2 Yuk Sau Street, Happy Valley, Hong Kong","Address_cn":"香港跑馬地毓秀街2號黃泥涌市政大廈4樓","Opening_hours_en":"8:00am-1:00pm<br>\r\n2:00pm-8:00pm<br>","Opening_hours_cn":"早上8時至下午1時<br>\r\n下午2時至晚上8時<br>","Phone":"2891 8438","Others_en":"Theme:Castle<br>\r\nArea(M<sup>2<\/sup>):71<br>\r\nCapacity:24<br>","Others_cn":"遊戲室主題:中古城堡<br>\r\n面積(米<sup>2<\/sup>):71<br>\r\n入場限額:24<br>","Photo_1":"https:\/\/www.lcsd.gov.hk\/en\/common\/images\/facilities\/facilitieslist\/children\/image19.jpg","Photo_2":"https:\/\/www.lcsd.gov.hk\/en\/common\/images\/facilities\/facilitieslist\/children\/image20.jpg","GIHS":"135zl6wZho","Longitude":"114-11-9","Latitude":"22-16-8"},{"District_en":"Wan Chai","District_cn":"灣仔區","Name_en":"Wong Nai Chung Sports Centre","Name_cn":"黃泥涌體育館","Address_en":"4\/F, Wong Nai Chung Municipal Services Building,No.2 Yuk Sau Street, Happy Valley, Hong Kong","Address_cn":"香港跑馬地毓秀街2號黃泥涌市政大廈4樓","Opening_hours_en":"8:00am-1:00pm<br>\r\n2:00pm-8:00pm<br>","Opening_hours_cn":"早上8時至下午1時<br>\r\n下午2時至晚上8時<br>","Phone":"2891 8438","Others_en":"Theme:Ocean World<br>\r\nArea(M<sup>2<\/sup>):63<br>\r\nCapacity:16<br>","Others_cn":"遊戲室主題:海洋世界<br>\r\n面積(米<sup>2<\/sup>):63<br>\r\n入場限額:16<br>","Photo_1":"https:\/\/www.lcsd.gov.hk\/en\/common\/images\/facilities\/facilitieslist\/children\/image21.jpg","Photo_2":"https:\/\/www.lcsd.gov.hk\/en\/common\/images\/facilities\/facilitieslist\/children\/image22.jpg","GIHS":"135zl6wZho","Longitude":"114-11-9","Latitude":"22-16-8"},{"District_en":"Wong Tai Sin","District_cn":"黃大仙區","Name_en":"Choi Hung Road Playground","Name_cn":"彩虹道遊樂場","Address_en":"150 Choi Hung Road, San Po Kong, Wong Tai Sin, Kowloon","Address_cn":"九龍黃大仙新蒲崗彩虹道150號","Opening_hours_en":"10:00am-11:30am<br>\r\n11:40am-1:00pm<br>\r\n2:00pm-3:50pm<br>\r\n4:00pm-6:00pm","Opening_hours_cn":"早上10時至11時30分<br>\r\n早上11時40分至下午1時<br>\r\n下午2時至3時50分<br>\r\n下午4時至晚上6時","Phone":"2326 2517","Others_en":"Theme:Forest<br>\r\nArea(M<sup>2<\/sup>):77.3<br>\r\nCapacity:10<br>","Others_cn":"遊戲室主題:森林<br>\r\n面積(米<sup>2<\/sup>):77.3<br>\r\n入場限額:10<br>","Photo_1":"https:\/\/www.lcsd.gov.hk\/en\/common\/images\/facilities\/facilitieslist\/children\/image37.jpg","Photo_2":"https:\/\/www.lcsd.gov.hk\/en\/common\/images\/facilities\/facilitieslist\/children\/image38.jpg","GIHS":"m85zEvbeVr","Longitude":"114-11-45","Latitude":"22-20-14"},{"District_en":"Wong Tai Sin","District_cn":"黃大仙區","Name_en":"Choi Hung Road Playground","Name_cn":"彩虹道遊樂場","Address_en":"150 Choi Hung Road, San Po Kong, Wong Tai Sin, Kowloon","Address_cn":"九龍黃大仙新蒲崗彩虹道150號","Opening_hours_en":"10:00am-11:40am<br>\r\n11:50am-1:00pm<br>\r\n2:00pm-4:00pm<br>\r\n4:10pm-6:00pm","Opening_hours_cn":"早上10時至11時40分<br>\r\n早上11時50分至下午1時<br>\r\n下午2時至4時<br>\r\n下午4時10分至晚上6時","Phone":"2326 2517","Others_en":"Theme:Ocean<br>\r\nArea(M<sup>2<\/sup>):71<br>\r\nCapacity:10<br>","Others_cn":"遊戲室主題:海洋<br>\r\n面積(米<sup>2<\/sup>):71<br>\r\n入場限額:10<br>","Photo_1":"https:\/\/www.lcsd.gov.hk\/en\/common\/images\/facilities\/facilitieslist\/children\/image37.jpg","Photo_2":"https:\/\/www.lcsd.gov.hk\/en\/common\/images\/facilities\/facilitieslist\/children\/image38.jpg","GIHS":"m85zEvbeVr","Longitude":"114-11-45","Latitude":"22-20-14"},{"District_en":"Wong Tai Sin","District_cn":"黃大仙區","Name_en":"Po Kong Village Road Sports Centre","Name_cn":"蒲崗村道體育館","Address_en":"120 Po Kong Village Road, Wong Tai Sin, Kowloon","Address_cn":"蒲崗村道體育館","Opening_hours_en":"9:15am–10:00am<br>\r\n10:15am–11:00am<br>\r\n11:15am–12:00nn<br>\r\n12:15pm–1:00pm<br>\r\n2:15pm–3:00pm<br>\r\n3:15pm–4:00pm<br>\r\n4:15pm–5:00pm<br>\r\n5:15pm–6:00pm<br>\r\n7:15pm–8:00pm<br>\r\n8:15pm–9:00pm\r\n\r\n","Opening_hours_cn":"早上9時15分至10時<br>\r\n早上10時15分至11時<br>\r\n早上11時15分至中午12時<br>\r\n下午12時15分至下午1時<br>\r\n下午2時15分至3時<br>\r\n下午3時15分至4時<br>\r\n下午4時15分至5時<br>\r\n下午5時15分至6時<br>\r\n晚上7時15分至8時<br>\r\n晚上8時15分至9時","Phone":"2325 3585","Others_en":"Theme:-<br>\r\nArea(M<sup>2<\/sup>):130<br>\r\nCapacity:30<br>","Others_cn":"遊戲室主題:-<br>\r\n面積(米<sup>2<\/sup>):130<br>\r\n入場限額:30<br>","Photo_1":"https:\/\/www.lcsd.gov.hk\/en\/common\/images\/facilities\/facilitieslist\/children\/image39.jpg","Photo_2":"https:\/\/www.lcsd.gov.hk\/en\/common\/images\/facilities\/facilitieslist\/children\/image40.jpg","GIHS":"jMjijMXhQk","Longitude":"114-12-6","Latitude":"22-20-44"},{"District_en":"Yau Tsim Mong","District_cn":"油尖旺區","Name_en":"Tai Kok Tsui Sports Centre","Name_cn":"大角咀體育館","Address_en":"6\/F., Tai Kok Tsui Municipal Services Building, 63 Fuk Tsun Street, Tai Kok Tsui, Kowloon","Address_cn":"九龍大角咀福全街63號 大角咀市政大廈6樓","Opening_hours_en":"9:00am-9:45am<br>\r\n10:00am-10:45am<br>\r\n11:00am-11:45am<br>\r\n12:00nn-12:45pm<br>\r\n2:00pm-2:45pm<br>\r\n3:00pm-3:45pm<br>\r\n4:00pm-4:45pm<br>\r\n5:00pm-5:45pm<br>\r\n7:00pm-7:45pm<br>\r\n8:00pm-8:45pm<br>\r\n9:00pm-9:45pm","Opening_hours_cn":"早上9時至9時45分<br>\r\n早上10時至10時45分<br>\r\n早上11時至11時45分<br>\r\n中午12時至下午12時45分<br>\r\n下午2時至2時45分<br>\r\n下午3時至3時45分<br>\r\n下午4時至4時45分<br>\r\n下午5時至5時45分<br>\r\n晚上7時至7時45分<br>\r\n晚上8時至8時45分<br>\r\n晚上9時至9時45分","Phone":"2393 1084","Others_en":"Theme:Forest<br>\r\nArea(M<sup>2<\/sup>):292<br>\r\nCapacity:50<br>","Others_cn":"遊戲室主題:森林<br>\r\n面積(米<sup>2<\/sup>):292<br>\r\n入場限額:50<br>","Photo_1":"https:\/\/www.lcsd.gov.hk\/en\/common\/images\/facilities\/facilitieslist\/children\/image41.jpg","Photo_2":"https:\/\/www.lcsd.gov.hk\/en\/common\/images\/facilities\/facilitieslist\/children\/image42.jpg","GIHS":"jn4MU7P4XN","Longitude":"114-9-46","Latitude":"22-19-19"},{"District_en":"Yuen Long","District_cn":"元朗區","Name_en":"Ping Shan Tin Shui Wai Sports Centre","Name_cn":"屏山天水圍體育館","Address_en":"1 Tsui Sing Road, Tin Shui Wai","Address_cn":"天水圍聚星路1號","Opening_hours_en":"8:30am-9:15am<br>\r\n9:30am-10:15am<br>\r\n10:30am-11:15am<br>\r\n11:30am-12:15pm<br>\r\n1:30pm-2:15pm<br>\r\n2:30pm-3:15pm<br>\r\n3:30pm-4:15pm<br>\r\n4:30pm-5:15pm<br>\r\n5:30pm-6:15pm<br>\r\n7:30pm-8:15pm<br>\r\n8:30pm-9:20pm\r\n","Opening_hours_cn":"早上8時30分至9時15分<br>\r\n早上9時30分至10時15分<br>\r\n早上10時30分至11時15分<br>\r\n早上11時30分至下午12時15分<br>\r\n下午1時30分至2時15分<br>\r\n下午2時30分至3時15分<br>\r\n下午3時30分至4時15分<br>\r\n下午4時30分至5時15分<br>\r\n下午5時30分至晚上6時15分<br>\r\n晚上7時30分至8時15分<br>\r\n晚上8時30分至9時20分\r\n","Phone":"2350 9455","Others_en":"Theme:Mother Nature\t<br>\r\nArea(M<sup>2<\/sup>):135<br>\r\nCapacity:24<br>","Others_cn":"遊戲室主題:大自然\t<br>\r\n面積(米<sup>2<\/sup>):135<br>\r\n入場限額:24<br>","Photo_1":"https:\/\/www.lcsd.gov.hk\/en\/common\/images\/facilities\/facilitieslist\/children\/image63.jpg","Photo_2":"https:\/\/www.lcsd.gov.hk\/en\/common\/images\/facilities\/facilitieslist\/children\/image64.jpg","GIHS":"5LhIrRs6cq","Longitude":"114-0-17","Latitude":"22-26-51"},{"District_en":"Yuen Long","District_cn":"元朗區","Name_en":"Tin Fai Road Sports Centre","Name_cn":"天暉路體育館","Address_en":"63 Tin Shui Road, Tin Shui Wai, NT","Address_cn":"新界天水圍天瑞路63號","Opening_hours_en":"8:30am-9:20am<br>\r\n9:30am-10:20am<br>\r\n10:30am-11:20am<br>\r\n11:30am-12:20pm<br>\r\n12:30pm-1:20pm<br>\r\n2:30pm-3:20pm<br>\r\n3:30pm-4:20pm<br>\r\n4:30pm-5:20pm<br>\r\n5:30pm-6:20pm<br>\r\n6:30pm-7:20pm<br>\r\n7:30pm-8:20pm<br>\r\n8:30pm-9:20pm","Opening_hours_cn":"早上8時30至9時20分<br>\r\n早上9時30分至10時20分<br>\r\n早上10時30分至11時20分<br>\r\n早上11時30分至下午12時20分<br>\r\n下午12時30分至1時20分<br>\r\n下午2時30分至3時20分<br>\r\n下午3時30分至4時20分<br>\r\n下午4時30分至5時20分<br>\r\n下午5時30分至晚上6時20分<br>\r\n晚上6時30分至7時20分<br>\r\n晚上7時30分至8時20分<br>\r\n晚上8時30分至9時20分","Phone":"2473 0229","Others_en":"Theme:Ocean World\t<br>\r\nArea(M<sup>2<\/sup>):315<br>\r\nCapacity:40<br>","Others_cn":"遊戲室主題:海洋世界\t<br>\r\n面積(米<sup>2<\/sup>):315<br>\r\n入場限額:40<br>","Photo_1":"https:\/\/www.lcsd.gov.hk\/en\/common\/images\/facilities\/facilitieslist\/children\/image65.jpg","Photo_2":"https:\/\/www.lcsd.gov.hk\/en\/common\/images\/facilities\/facilitieslist\/children\/image66.jpg","GIHS":"iovenAqhn8","Longitude":"113-59-49","Latitude":"22-27-53"},{"District_en":"Yuen Long","District_cn":"元朗區","Name_en":"Tin Shui Sports Centre","Name_cn":"天瑞體育館","Address_en":"7 Tin Shui Road, Tin Shui Wai, Yuen Long, New Territories","Address_cn":"新界元朗天水圍天瑞路七號","Opening_hours_en":"8:00am- 8:25am <br>\r\n8:35am-9:00am<br>\r\n9:00am-9:25am<br>\r\n9:35am-10:00am<br>\r\n10:00am-10:25am<br>\r\n10:35am-11:00am<br>\r\n11:00am-11:25am<br>\r\n11:35am-12:00nn<br>\r\n12:00nn-12:25pm<br>\r\n12:35pm-1:00pm<br>\r\n1:00pm-1:25pm<br>\r\n1:35pm-2:00pm<br>\r\n3:00pm-3:25pm<br>\r\n3:35pm-4:00pm<br>\r\n4:00pm-4:25pm <br>\r\n4:35pm-5:00pm <br>\r\n5:00pm-5:25pm<br>\r\n5:35pm-6:00pm <br>\r\n6:00pm-6:25pm <br>\r\n6:35pm-7:00pm<br>\r\n7:00pm-7:25pm <br>\r\n7:35pm-8:00pm","Opening_hours_cn":"早上8時至8時25分<br>\r\n早上8時35分至9時 <br>\r\n早上9時至9時25分<br>\r\n早上9時35分至10時<br>\r\n早上10時至10時25分 <br>\r\n早上10時35分至11時<br>\r\n早上11時至11時25分<br>\r\n早上11時35分至中午12時<br>\r\n中午12時至下午12時25分<br>\r\n下午12時35分至1時<br>\r\n下午1時至1時25分 <br>\r\n下午1時35分至2時 <br>\r\n下午3時至3時25分<br> \r\n下午3時35分至4時<br>\r\n下午4時至4時25分<br>\r\n下午4時35分至5時<br>\r\n下午5時至5時25分<br>\r\n下午5時35分至晚上6時<br>\r\n晚上6時至6時25分<br>\r\n晚上6時35分至7時 <br>\r\n晚上7時至7時25分<br>\r\n晚上7時35分至8時","Phone":"2446 6609","Others_en":"Theme:Wetland Adventures\t<br>\r\nArea(M<sup>2<\/sup>):110<br>\r\nCapacity:12<br>","Others_cn":"遊戲室主題:濕地遊蹤\t<br>\r\n面積(米<sup>2<\/sup>):110<br>\r\n入場限額:12<br>","Photo_1":"https:\/\/www.lcsd.gov.hk\/en\/common\/images\/facilities\/facilitieslist\/children\/image61.jpg","Photo_2":"https:\/\/www.lcsd.gov.hk\/en\/common\/images\/facilities\/facilitieslist\/children\/image62.jpg","GIHS":"NA453y8t3Y","Longitude":"113-59-53","Latitude":"22-27-17"},{"District_en":"Yuen Long","District_cn":"元朗區","Name_en":"Yuen Long Sports Centre","Name_cn":"元朗體育館","Address_en":"3\/F, Yuen Long Leisure and Cultural Building, 52 Ma Tin Road, Yuen Long","Address_cn":"元朗馬田路52號元朗文化康樂大樓3樓","Opening_hours_en":"8:30am-9:20am<br>\r\n9:30am-10:20am<br>\r\n10:30am-11:20am<br>\r\n11:30am-12:20pm<br>\r\n12:30pm-1:20pm<br>\r\n2:30pm-3:20pm<br>\r\n3:30pm-4:20pm<br>\r\n4:30pm-5:20pm<br>\r\n5:30pm-6:20pm<br>\r\n6:30pm-7:20pm<br>\r\n7:30pm-8:20pm<br>\r\n8:30pm-9:20pm","Opening_hours_cn":"早上8時30至9時20分<br>\r\n早上9時30分至10時20分<br>\r\n早上10時30分至11時20分<br>\r\n早上11時30分至下午12時20分<br>\r\n下午12時30分至1時20分<br>\r\n下午2時30分至3時20分<br>\r\n下午3時30分至4時20分<br>\r\n下午4時30分至5時20分<br>\r\n下午5時30分至晚上6時20分<br>\r\n晚上6時30分至7時20分<br>\r\n晚上7時30分至8時20分<br>\r\n晚上8時30分至9時20分","Phone":"2891 9207","Others_en":"Theme:Candy<br>\r\nArea(M<sup>2<\/sup>):160<br>\r\nCapacity:26<br>","Others_cn":"遊戲室主題:糖果<br>\r\n面積(米<sup>2<\/sup>):160<br>\r\n入場限額:26<br>","Photo_1":"https:\/\/www.lcsd.gov.hk\/en\/common\/images\/facilities\/facilitieslist\/children\/image68.jpg","Photo_2":"https:\/\/www.lcsd.gov.hk\/en\/common\/images\/facilities\/facilitieslist\/children\/image69.jpg","GIHS":"HqrSUV6WOM","Longitude":"114-1-26","Latitude":"22-26-29"}]