[{"District_en":"Kowloon City","District_cn":"九龍城區","Name_en":"Carpenter Road Park","Name_cn":"賈炳達道公園","Address_en":"Carpenter Road, Kowloon City, Kowloon.","Address_cn":"九龍城賈炳達道","GIHS":"9G5i7NFpXL","Facilities_en":"","Facilities_cn":"","Ancillary_facilities_en":"<li>Toilets are provided in the Park.(including accessible toilet)<br><li>Other facilities include a cycling track, 7 fitness stations, 2 children's playground, an elderly fitness station, a 7-a-side hard-surface soccer pitch, 4 basketball courts and 2 volleyball courts.","Ancillary_facilities_cn":"<li>公園內設有洗手間(包括暢通易達洗手間)<br><li>其他設施包括1條單車徑、7個健身站、2個兒童遊樂場、1個長者健身站、1個7人硬地足球場、4個籃球場和2個排球場。","Opening_hours_en":"24 hours daily","Opening_hours_cn":"每日24小時開放","Phone":"2716 9962","Remarks_en":"","Remarks_cn":"","Longitude":"114-11-27","Latitude":"22-19-52"},{"District_en":"Kowloon City","District_cn":"九龍城區","Name_en":"Ho Man Tin Park","Name_cn":"何文田公園","Address_en":"No.1 Chung Yee Street, Ho Man Tin, Kowloon.","Address_cn":"九龍何文田忠義街一號","GIHS":"MSKgwBPmtd","Facilities_en":"A jogging track of length 263 m and 6 fitness stations","Facilities_cn":"263米長緩跑徑及6個健身站","Ancillary_facilities_en":"<li>Men's and ladies' changing rooms and toilets (including accessible toilets)<br><li>A fee-charging car park (including 1 designated disabled parking space)<br><li>Other facilities include a hard-surface 7-a-side soccer pitch cum handball court, 2 basketball courts and a children's playground.","Ancillary_facilities_cn":"<li>男、女更衣室及洗手間 (設有暢通易達洗手間)<br><li>1個收費停車場 (設有1個殘疾人士專用車位)<br><li>其他設施包括1個7人硬地足球場兼手球場、2個籃球場和1個兒童遊樂場","Opening_hours_en":"7 am to 11 pm daily","Opening_hours_cn":"每日上午7時至晚上11時","Phone":"2762 7837","Remarks_en":"","Remarks_cn":"","Longitude":"114-10-50","Latitude":"22-18-44"},{"District_en":"Kowloon City","District_cn":"九龍城區","Name_en":"Hutchison Park","Name_cn":"和黃公園","Address_en":"Dyer Avenue, Hung Hom, Kowloon.","Address_cn":"九龍紅磡戴亞街","GIHS":"KlIs4Hojni","Facilities_en":"","Facilities_cn":"","Ancillary_facilities_en":"<li>Men’s and ladies’ toilets (including accessible toilets)<br><li>Other facilities include a children's playground and elderly fitness equipment.","Ancillary_facilities_cn":"<li>男、女洗手間 (設有暢通易達洗手間)<br><li>其他設施包括1個兒童遊樂場和長者健體設施","Opening_hours_en":"24 hours daily","Opening_hours_cn":"每日24小時開放","Phone":"2330 1708","Remarks_en":"","Remarks_cn":"","Longitude":"114-11-27","Latitude":"22-18-27"},{"District_en":"Kowloon City","District_cn":"九龍城區","Name_en":"Junction Road Park","Name_cn":"聯合道公園","Address_en":"195 Junction Road, Kowloon City.","Address_cn":"九龍城聯合道195號","GIHS":"aKNT1BudSS","Facilities_en":"A jogging track of length 265 m","Facilities_cn":"265米長緩跑徑","Ancillary_facilities_en":"<li>Toilets (including accessible toilet) and changing rooms with lockers are provided in the Park.<br><li>Other facilities include 6 tennis courts, a 7-a-side soccer pitch, 2 basketball courts, 2 sets of children's  play equipment, 1 set of elderly fitness equipment, 5 fitness stations and a pebble walking trail. <br>","Ancillary_facilities_cn":"<li>公園內設有洗手間(包括暢通易達洗手間)、更衣室和貯物櫃<br><li>其他設施包括6個網球場、1個7人足球場、2個籃球場、2組兒童遊樂設施、1組長者健體設施、5個健身站和1條卵石路步行徑","Opening_hours_en":"24 hours daily","Opening_hours_cn":"每日24小時開放","Phone":"2336 4638","Remarks_en":"","Remarks_cn":"","Longitude":"114-11-2","Latitude":"22-20-21"},{"District_en":"Kowloon City","District_cn":"九龍城區","Name_en":"Kowloon Tsai Park","Name_cn":"九龍仔公園","Address_en":"13 Inverness Road, Kowloon City, Kowloon.","Address_cn":"九龍城延文禮士道13號 ","GIHS":"TU73gtwMei","Facilities_en":"Jogging Track","Facilities_cn":"緩跑徑","Ancillary_facilities_en":"<li>Men’s and ladies’ changing rooms and toilets (including accessible toilet)<br><li>Kiosk<br><li>Fee-charging car park (including 1 designated disabled parking space)<br><li>Other facilities include 2 artificial turf soccer pitches, a natural turf soccer pitch, 2 elderly fitness corners, a bauhinia garden, a roller skating rink, a pebble path, 2 hard-surface 7-a-side soccer pitches, 2 hard-surface basketball courts, a children's playground and a dog garden.\r\n","Ancillary_facilities_cn":"<li>公園內設有男、女更衣室及洗手間(設有暢通易達洗手間)<br><li>小食亭<br><li>收費停車場(設有1個殘疾人士專用車位)<br><li>其他設施包括2個人造草地足球場、1個天然草地足球場、2個長者健體園地、1個洋紫荊園、1個滾軸溜冰場、1條卵石徑、2個硬地7人足球場、2個硬地籃球場、1個兒童遊樂場和1個狗公園。\r\n","Opening_hours_en":"24 hours daily","Opening_hours_cn":"每日24小時開放","Phone":"2336 7878","Remarks_en":"Length: 550M ","Remarks_cn":"全長550米","Longitude":"114-11-0","Latitude":"22-19-57"},{"District_en":"Kowloon City","District_cn":"九龍城區","Name_en":"To Kwa Wan Recreation Ground","Name_cn":"土瓜灣遊樂場","Address_en":"66 Ha Heung Road, To Kwa Wan, Kowloon.","Address_cn":"九龍土瓜灣下鄉道66號","GIHS":"9Aug4OGCIS","Facilities_en":"Jogging Track","Facilities_cn":"緩跑徑","Ancillary_facilities_en":"<li>Toilets and changing rooms (including accessible toilets) with lockers are provided in the recreation ground.<br><li>Other facilities include 2 basketball courts, 2 hard-surface 7-a-side soccer pitches, a children's playground, 1 multi-purpose activity area and elderly fitness equipment.<br>","Ancillary_facilities_cn":"<li>遊樂場內設有洗手間(包括暢通易達洗手間)、更衣室及貯物櫃<br><li>其他設施包括2個籃球場、2個硬地7人足球場、1個兒童遊樂場、1個多用途活動區及長者健體設施<br>","Opening_hours_en":"24 hours daily","Opening_hours_cn":"每日24小時開放","Phone":"2364 9285","Remarks_en":"Length: 412M","Remarks_cn":"全長412米","Longitude":"114-11-26","Latitude":"22-19-9"},{"District_en":"Tai Po","District_cn":"大埔區","Name_en":"Mui Shue Hang Playground","Name_cn":"梅樹坑公園","Address_en":"Tai Po Mui Shue Hang Road","Address_cn":"大埔梅樹坑路","GIHS":"TP8LZ62jNo","Facilities_en":"1 Jogging Track","Facilities_cn":"1條緩跑徑","Ancillary_facilities_en":"<li>Men's and ladies' toilets<br><li>Accessible toilet","Ancillary_facilities_cn":"<li>男、女洗手間<br><li>暢通易達洗手間","Opening_hours_en":"24 hours","Opening_hours_cn":"24小時","Phone":"3183 9049","Remarks_en":"","Remarks_cn":"","Longitude":"114-9-9","Latitude":"22-27-16"},{"District_en":"Tai Po","District_cn":"大埔區","Name_en":"Tai Po Waterfront Park","Name_cn":"大埔海濱公園","Address_en":"Tai Po Waterfront Park, Dai Fat Street, Tai Po","Address_cn":"大埔大發街","GIHS":"TIvqY40FUn","Facilities_en":"1 no. of 680-metre jogging track, 1 no. of 480-metre jogging track","Facilities_cn":"一條680米長緩跑徑、一條480米長緩跑徑","Ancillary_facilities_en":"<li>4 Fitness stations<br>\r\n<li>Pebble walking trail<br>\r\n<li>Men's and ladies' toilets<br>\r\n<li>Accessible toilet<br>\r\n<li>Drinking fountain<br>","Ancillary_facilities_cn":"<li>4個健身站<br>\r\n<li>卵石路步行徑<br>\r\n<li>男、女洗手間<br>\r\n<li>暢通易達洗手間<br>\r\n<li>飲水機<br>","Opening_hours_en":"24 hours","Opening_hours_cn":"24小時","Phone":"2667 5489","Remarks_en":"","Remarks_cn":"","Longitude":"114-10-44","Latitude":"22-27-7"},{"District_en":"Tai Po","District_cn":"大埔區","Name_en":"Yuen Chau Tsai Park","Name_cn":"元洲仔公園","Address_en":"Tai Po Island House Lane","Address_cn":"大埔元洲仔里","GIHS":"eU37DTpZtP","Facilities_en":"1 Jogging Track","Facilities_cn":"1條緩跑徑","Ancillary_facilities_en":"<li>Men's and ladies' toilets<br><li>Accessible toilet","Ancillary_facilities_cn":"<li>男、女洗手間<br><li>暢通易達洗手間","Opening_hours_en":"24 hours","Opening_hours_cn":"24小時","Phone":"3183 9049","Remarks_en":"","Remarks_cn":"","Longitude":"114-10-39","Latitude":"22-26-52"},{"District_en":"Central & Western","District_cn":"中西區","Name_en":"Belcher Bay Park","Name_cn":"卑路乍灣公園","Address_en":"Opposite at No.38 Kennedy Town Praya","Address_cn":"堅彌地城海旁38號對面","GIHS":"2IY9zxkHxR","Facilities_en":"A jogging track\/fitness trail with a length about 450 m","Facilities_cn":"一條全長約450米緩跑徑／健身徑","Ancillary_facilities_en":"Drinking fountain, fitness stations and toilets facilities (including accessible toilets) are provided in the Park","Ancillary_facilities_cn":"飲水器、健身站及公園內設有洗手間 (設有暢通易達洗手間)","Opening_hours_en":"24 hours daily","Opening_hours_cn":"每日24小時","Phone":"2853 2575","Remarks_en":"","Remarks_cn":"","Longitude":"114-7-49","Latitude":"22-17-5"},{"District_en":"Central & Western","District_cn":"中西區","Name_en":"Harlech Road Fitness Trail","Name_cn":"夏力道健身徑","Address_en":"Harlech Road, The Peak<br>","Address_cn":"山頂夏力道","GIHS":"3eE0vMUP1j","Facilities_en":"A jogging track\/fitness trail with a length about 250 m","Facilities_cn":"一條全長約250米緩跑徑／健身徑","Ancillary_facilities_en":"Fitness stations and garden benches","Ancillary_facilities_cn":"健身站及公園椅","Opening_hours_en":"24 hours daily ","Opening_hours_cn":"每日24小時","Phone":"2853 2566","Remarks_en":"Non-LCSD venue, fitness stations and garden benches are under management by LCSD, park-light is not provided","Remarks_cn":"非康文署場地，健身站及公園椅屬康文署管理，沒有公園燈","Longitude":"114-8-40","Latitude":"22-16-17"},{"District_en":"Central & Western","District_cn":"中西區","Name_en":"Magazine Gap Service Reservoir Playground","Name_cn":"馬己仙峽配水庫遊樂場","Address_en":"Opposite at Magazine Gap Towers & Magazine Gap Road ","Address_cn":"馬己仙峽大廈及馬己仙峽道對面","GIHS":"ilyPcHeIGm","Facilities_en":"A jogging track\/fitness trail with a length about 150 m","Facilities_cn":"一條全長約150米緩跑徑／健身徑","Ancillary_facilities_en":"Fitness stations, rain shelters and garden benches","Ancillary_facilities_cn":"健身站、避雨亭及公園椅","Opening_hours_en":"24 hours daily","Opening_hours_cn":"每日24小時","Phone":"2853 2566","Remarks_en":"Park-light is not provided","Remarks_cn":"沒有公園燈","Longitude":"114-9-51","Latitude":"22-16-17"},{"District_en":"Yuen Long","District_cn":"元朗區","Name_en":"Dragon Park","Name_cn":"龍園","Address_en":"Tin Lung Road, Tin Shui Wai, Yuen Long","Address_cn":"元朗天水圍天龍路","GIHS":"O5E2QCOC6d","Facilities_en":"1 Jogging Track  (350 metres )","Facilities_cn":"1條長350米的緩跑徑","Ancillary_facilities_en":"Men’s and Ladies’ toilets ","Ancillary_facilities_cn":"男、女洗手間","Opening_hours_en":"24 hours daily","Opening_hours_cn":"全日開放","Phone":"2478 4342","Remarks_en":"","Remarks_cn":"","Longitude":"114-0-21","Latitude":"22-27-36"},{"District_en":"Tuen Mun","District_cn":"屯門區","Name_en":"Tsing Tin Playground","Name_cn":"青田遊樂場","Address_en":"Leung Wan Street, Tuen Mun","Address_cn":"屯門良運街","GIHS":"i5NeySzqE7","Facilities_en":"1","Facilities_cn":"1","Ancillary_facilities_en":"Male Toilet, Female Toilet, Toilet for Persons with a Disability, Changing Room, Spectator Stand.","Ancillary_facilities_cn":"男洗手間、女洗手間、殘疾人士洗手間、更衣室及看台","Opening_hours_en":"24 hours","Opening_hours_cn":"24 小時","Phone":"2451 3012 ","Remarks_en":"","Remarks_cn":"","Longitude":"113-58-4","Latitude":"22-24-22"},{"District_en":"Tuen Mun","District_cn":"屯門區","Name_en":"Wu Shan Riverside Park","Name_cn":"湖山河畔公園","Address_en":"Nullah from Sun Tuen Mun Centre to Lung Mun Oasis, Area 18, Lung Mun Road, Tuen Mun, N.T.","Address_cn":"新界，屯門，屯門河畔，毗鄰為新屯門中心、富健花園及龍門居。","GIHS":"QSJ1j0wVss","Facilities_en":"Jogging Tracks Length: 600 M","Facilities_cn":"一條600米長緩跑徑","Ancillary_facilities_en":"Outdoor Fitness Equipment","Ancillary_facilities_cn":"戶外健身設施","Opening_hours_en":"24 hours","Opening_hours_cn":"24 小時","Phone":"2451 3110","Remarks_en":"","Remarks_cn":"","Longitude":"113-58-0","Latitude":"22-22-57"},{"District_en":"Tuen Mun","District_cn":"屯門區","Name_en":"Yeung King Playground","Name_cn":"楊景遊樂場","Address_en":"Yeung King Road, Tuen Mun","Address_cn":"屯門楊景路","GIHS":"CNYPuh636G","Facilities_en":"","Facilities_cn":"","Ancillary_facilities_en":"Male Toilet, Female Toilet, Toilet for Persons with a Disability, Bathroom, Spectator Stand.","Ancillary_facilities_cn":"男洗手間、女洗手間、殘疾人士洗手間、浴室及看台","Opening_hours_en":"24 hours","Opening_hours_cn":"24 小時","Phone":"2451 3012","Remarks_en":"","Remarks_cn":"","Longitude":"113-57-46","Latitude":"22-23-44"},{"District_en":"North","District_cn":"北區","Name_en":"North District Park","Name_cn":"北區公園","Address_en":"Jockey Club Road, Sheung Shui, N.T.","Address_cn":"新界上水馬會道","GIHS":"sSEeWWvi6f","Facilities_en":"Fitness Trail (333M in length)","Facilities_cn":"健身徑 (長333米)","Ancillary_facilities_en":"Men's and Ladies' Toilet<br>\r\nToilet for Persons with Disabilities<br>\r\nDrinking fountain<br>\r\nFitness Equipment<br>","Ancillary_facilities_cn":"男、女洗手間及殘疾人士洗手間<br>\r\n戶外飲水機<br>\r\n健體器材","Opening_hours_en":"24 hours daily","Opening_hours_cn":"全日開放","Phone":"2670 6155","Remarks_en":"","Remarks_cn":"","Longitude":"114-8-3","Latitude":"22-29-56"},{"District_en":"North","District_cn":"北區","Name_en":"Pak Fuk Tin Sum Playground","Name_cn":"百福田心遊樂場","Address_en":"Area 42, Yat Ming Road, Fanling, N.T.","Address_cn":"新界粉嶺一鳴路42區","GIHS":"Y6nmkp9bgD","Facilities_en":"3 Jogging Tracks (total 3150M in length)","Facilities_cn":"3條緩跑徑 (總長3150米)","Ancillary_facilities_en":"Men's and Ladies' Changing Room & Toilet<br>\r\nChanging Room & Toilet for Persons with a Disability<br>\r\nDrinking fountain<br>\r\nFitness Equipment","Ancillary_facilities_cn":"男、女更衣室及洗手間<br>\r\n殘疾人士更衣室及洗手間<br>\r\n戶外飲水機<br>\r\n健體設施","Opening_hours_en":"7 am to 11 pm daily","Opening_hours_cn":"每日上午7時至晚上11時","Phone":"2677 5564","Remarks_en":"","Remarks_cn":"","Longitude":"114-8-25","Latitude":"22-29-20"},{"District_en":"North","District_cn":"北區","Name_en":"Wai Ming Street Garden","Name_cn":"偉明街花園","Address_en":"Area 46, Wai Ming Street, Fanling, N.T.","Address_cn":"新界粉嶺偉明街46區","GIHS":"Aw1IDhizbZ","Facilities_en":"Jogging Tracks (350M in length)","Facilities_cn":"緩跑徑 (長350米)","Ancillary_facilities_en":"","Ancillary_facilities_cn":"","Opening_hours_en":"24 hours daily","Opening_hours_cn":"全日開放","Phone":"2679 2818","Remarks_en":"Without Floodlight","Remarks_cn":"無射燈","Longitude":"114-8-24","Latitude":"22-29-10"},{"District_en":"Sai Kung","District_cn":"西貢區","Name_en":"Po Hong Park","Name_cn":"寶康公園","Address_en":"Wan Lung Road, Tseung Kwan O","Address_cn":"將軍澳運隆路","GIHS":"wxKnsizorm","Facilities_en":"Jogging Tracks (250M in length)","Facilities_cn":"緩跑徑 (長250米)","Ancillary_facilities_en":"Toilets and Disabled Toilet<br>Fitness Equipment","Ancillary_facilities_cn":"洗手間及殘疾人士洗手間<br>健體器材","Opening_hours_en":"24 hours daily","Opening_hours_cn":"全日24小時","Phone":"2791 3100","Remarks_en":"","Remarks_cn":"","Longitude":"114-15-28","Latitude":"22-19-8"},{"District_en":"Sai Kung","District_cn":"西貢區","Name_en":"Po Tsui Park","Name_cn":"寶翠公園","Address_en":"Yuk Nga Lane, Tseung Kwan O","Address_cn":"將軍澳毓雅里","GIHS":"fWDZXFWOpJ","Facilities_en":"Jogging Tracks (540M in length)","Facilities_cn":"緩跑徑 (長540米)","Ancillary_facilities_en":"Changing rooms, toilets and disabled toilets<br>Fitness Equipment","Ancillary_facilities_cn":"更衣室、洗手間及殘疾人士洗手間<br>健體器材","Opening_hours_en":"24 hours daily","Opening_hours_cn":"全日24小時","Phone":"2703 7231","Remarks_en":"","Remarks_cn":"","Longitude":"114-15-11","Latitude":"22-19-30"},{"District_en":"Sha Tin","District_cn":"沙田區","Name_en":"Che Kung Miu Road Playground","Name_cn":"車公廟路遊樂場","Address_en":"Che Kung Miu Road, Tai Wai, Shatin.","Address_cn":"沙田大圍車公廟路","GIHS":"r7NMUh2PHz","Facilities_en":"Fitness Stations","Facilities_cn":"健身設施","Ancillary_facilities_en":"<li>Men's and ladies' Toilets\r\n<li>Accessible Toilet\r\n","Ancillary_facilities_cn":"<li>男、女洗手間\r\n<li>暢通易達洗手間\r\n","Opening_hours_en":"24 hours","Opening_hours_cn":"24 小時","Phone":"2634 0119","Remarks_en":"Non-smoking","Remarks_cn":"全面禁煙","Longitude":"114-10-35","Latitude":"22-22-9"},{"District_en":"Sha Tin","District_cn":"沙田區","Name_en":"Hin Tin Playground","Name_cn":"顯田遊樂場","Address_en":"Che Kung Miu Road, Tai Wai, Shatin.","Address_cn":"沙田大圍車公廟路","GIHS":"7rdgrgY1ch","Facilities_en":"2 Fitness Stations","Facilities_cn":"2 座健身設施","Ancillary_facilities_en":"Male and FemaleToilet cum Changing Room,<br>\r\nAccessible Toilet\r\n","Ancillary_facilities_cn":"男、女洗手間及更衣室<br>\r\n暢通易達洗手間\r\n","Opening_hours_en":"7 am to 11 pm daily","Opening_hours_cn":"每日上午7時至晚上11時","Phone":"2692 0460","Remarks_en":"Non-smoking","Remarks_cn":"全面禁煙","Longitude":"114-10-18","Latitude":"22-21-54"},{"District_en":"Sha Tin","District_cn":"沙田區","Name_en":"Ma On Shan Park","Name_cn":"馬鞍山公園","Address_en":"No. 12, On Chun Street, Ma On Shan","Address_cn":"馬鞍山鞍駿街12號","GIHS":"sXOgLTlfAB","Facilities_en":"Fitness Station, Walking Tiles","Facilities_cn":"健體站、足健徑","Ancillary_facilities_en":"<li>Men's and Ladies' Toilets\r\n<br><li>Accessible Toilets\r\n<br><li>Light Refreshment Kiosk<br>","Ancillary_facilities_cn":"<li>男、女洗手間 \r\n<br><li>暢通易達洗手間\r\n<br><li>小食亭<br>","Opening_hours_en":"6:30am – 11:00pm","Opening_hours_cn":"早上6時30分至晚上11時","Phone":"2643 5320","Remarks_en":"","Remarks_cn":"","Longitude":"114-13-52","Latitude":"22-25-38"},{"District_en":"Sha Tin","District_cn":"沙田區","Name_en":"On Luk Street Park","Name_cn":"鞍祿街公園","Address_en":"On Luk Street, Ma On Shan","Address_cn":"馬鞍山鞍祿街","GIHS":"4L3bMozwqW","Facilities_en":"Fitness Stations","Facilities_cn":"健身設施","Ancillary_facilities_en":"<li>Men's and ladies' Toilets\r\n<li>Accessible Toilet\r\n","Ancillary_facilities_cn":"<li>男、女洗手間\r\n<li>暢通易達洗手間\r\n","Opening_hours_en":"24 hours","Opening_hours_cn":"24 小時","Phone":"2634 0143","Remarks_en":"","Remarks_cn":"","Longitude":"114-13-49","Latitude":"22-25-21"},{"District_en":"Sha Tin","District_cn":"沙田區","Name_en":"Yuen Wo Playground","Name_cn":"源禾遊樂場","Address_en":"No. 16, Yuen Wo Road, Sha Tin, New Territories","Address_cn":"新界沙田源禾路16號","GIHS":"gAPWsw8L66","Facilities_en":"Fitness Stations, a Pebble Walking Path","Facilities_cn":"健身設施、卵石路步行徑","Ancillary_facilities_en":"Male and female toilets and disable toilets<br>Male and female changing rooms<br>Light refreshment kiosk<br>Car park<br>First-aid room","Ancillary_facilities_cn":"男、女洗手間及殘疾人士男、女洗手間<br>男、女更衣室及冷熱水沖身室<br>小食亭<br>停車場<br>救傷室","Opening_hours_en":"7am to 11pm daily","Opening_hours_cn":"每日上午7時至晚上11時","Phone":"2605 3622","Remarks_en":"","Remarks_cn":"","Longitude":"114-11-43","Latitude":"22-23-8"},{"District_en":"Eastern","District_cn":"東區","Name_en":"Aldrich Bay Playground","Name_cn":"愛秩序灣遊樂場","Address_en":"Nam On Street, Shau Kei Wan","Address_cn":"筲箕灣南安街","GIHS":"G8XrJXEhiu","Facilities_en":"A jogging track\/fitness trail with a length about 100 m","Facilities_cn":"一條全長約100米緩跑徑／健身徑","Ancillary_facilities_en":"Men’s and ladies’ toilets (including accessible toilets), elderly fitness stations and fitness stations","Ancillary_facilities_cn":"男、女洗手間 (設有暢通易達洗手間)、長者健身園地及健身站","Opening_hours_en":"24 hours daily","Opening_hours_cn":"每日24小時","Phone":"2562 2137","Remarks_en":"","Remarks_cn":"","Longitude":"114-13-38","Latitude":"22-16-44"},{"District_en":"Eastern","District_cn":"東區","Name_en":"Aldrich Bay Promenade","Name_cn":"愛秩序灣海濱花園","Address_en":"Oi Lai Street, Shau Kei Wan","Address_cn":"筲箕灣愛禮街","GIHS":"ILngnugvgc","Facilities_en":"A jogging track\/fitness trail with a length about 100m","Facilities_cn":"一條全長約100米的緩跑徑／健身徑","Ancillary_facilities_en":"4 fitness stations, Men’s and ladies’ toilets (including accessible toilets) and drinking fountains","Ancillary_facilities_cn":"四個健身站、男、女洗手間 (設有暢通易達洗手間)和飲水器","Opening_hours_en":"24 hours daily","Opening_hours_cn":"每日24小時","Phone":"2562 2137","Remarks_en":"","Remarks_cn":"","Longitude":"114-13-47","Latitude":"22-16-58"},{"District_en":"Eastern","District_cn":"東區","Name_en":"Chai Wan Park","Name_cn":"柴灣公園","Address_en":"Tsui Wan Street, Chai Wan","Address_cn":"柴灣翠灣街","GIHS":"updsx7Sxwa","Facilities_en":"A jogging track\/fitness trail with a length of 300m","Facilities_cn":"一條全長300米的緩跑徑／健身徑","Ancillary_facilities_en":"1 fitness station, men’s and ladies’ toilets cum changing rooms, accessible toilets","Ancillary_facilities_cn":"一個健身站、男、女洗手間連更衣室、暢通易達洗手間","Opening_hours_en":"24 hours daily","Opening_hours_cn":"每日24小時","Phone":"2898 7560","Remarks_en":"","Remarks_cn":"","Longitude":"114-14-19","Latitude":"22-15-59"},{"District_en":"Eastern","District_cn":"東區","Name_en":"Quarry Bay Park","Name_cn":"鰂魚涌公園","Address_en":"Quarry Bay near Hoi Tai Street","Address_cn":"鰂魚涌近海堤街","GIHS":"nZArw8Lcn4","Facilities_en":"A jogging track\/fitness trail with a length of 640m","Facilities_cn":"一條全長640米的緩跑徑／健身徑","Ancillary_facilities_en":"3 fitness stations, men’s and ladies’ toilets cum changing rooms and accessible toilet cum changing room","Ancillary_facilities_cn":"三個健身站、男、女洗手間連更衣室及暢通易達洗手間連更衣室","Opening_hours_en":"7am – 11pm daily","Opening_hours_cn":"每日上午7時至晚上11時","Phone":"2513 8499","Remarks_en":"","Remarks_cn":"","Longitude":"114-12-56","Latitude":"22-17-18"},{"District_en":"Eastern","District_cn":"東區","Name_en":"Siu Sai Wan Road Garden","Name_cn":"小西灣道花園","Address_en":"Siu Sai Wan Road, Chai Wan ","Address_cn":"柴灣小西灣道","GIHS":"ViKCXTTHSK","Facilities_en":"A jogging track\/fitness trail with a length of 270m","Facilities_cn":"一條全長270米的緩跑徑／健身徑","Ancillary_facilities_en":"2 fitness stations","Ancillary_facilities_cn":"兩個健身站","Opening_hours_en":"24 hours daily","Opening_hours_cn":"每日24小時","Phone":"2562 2137","Remarks_en":"","Remarks_cn":"","Longitude":"114-14-52","Latitude":"22-15-58"},{"District_en":"Wan Chai","District_cn":"灣仔區","Name_en":"Victoria Park","Name_cn":"維多利亞公園","Address_en":"1 Hing Fat Street, Causeway Bay, Hong Kong","Address_cn":"香港銅鑼灣興發街一號","GIHS":"miZxcmDeKy","Facilities_en":"A jogging track\/fitness trail with a length of 625m","Facilities_cn":"一條全長625米的緩跑徑／健身徑","Ancillary_facilities_en":"6 fitness stations and changing rooms","Ancillary_facilities_cn":"6個健身站和更衣室","Opening_hours_en":"24 hours daily","Opening_hours_cn":"每日24小時","Phone":"2890 5824","Remarks_en":"","Remarks_cn":"","Longitude":"114-11-18","Latitude":"22-16-57"},{"District_en":"Yau Tsim Mong","District_cn":"油尖旺區","Name_en":"Cherry Street Park","Name_cn":"櫻桃街公園","Address_en":"1 Cherry Street, Mong Kok, Kowloon","Address_cn":"九龍旺角櫻桃街1號","GIHS":"eP7Dau4kwi","Facilities_en":"Jogging Track (160m)","Facilities_cn":"緩跑徑 (160米)","Ancillary_facilities_en":"A booking office, a piazza, 4 tennis courts, 2 basketball \/volleyball courts, an artificial turf 7-a-side soccer pitch, a children's playground, elderly fitness stations, toilets, changing rooms with lockers and accessible toilet and shower compartment are provided in the Park.","Ancillary_facilities_cn":"公園內設有訂場處、公園廣場、4個網球場、2個籃球場／排球場、1個人造草七人足球場、兒童遊樂場、長者健身站、洗手間、更衣室連貯物櫃和暢通易達洗手間及淋浴間","Opening_hours_en":"6:30 am - 11 pm daily","Opening_hours_cn":"每日上午6時30分至晚上11時","Phone":"2625 4584","Remarks_en":"","Remarks_cn":"","Longitude":"114-9-58","Latitude":"22-18-56"},{"District_en":"Yau Tsim Mong","District_cn":"油尖旺區","Name_en":"King's Park Rest Garden","Name_cn":"京士柏休憩花園","Address_en":"King's Park Rise, Yau Ma Tei, Kowloon","Address_cn":"九龍油麻地京士柏道","GIHS":"2MnkoGPJnb","Facilities_en":"Fitness Trail:<br><li>Parallel-bar<br><li>Balance Beam<br><li>Sit-up<br><li>Step up<br><li>2-way chin bar","Facilities_cn":"健身徑：<br><li>雙槓<br><li>平衡木<br><li>仰臥起坐<br><li>踏台階<br><li>高低槓<br>","Ancillary_facilities_en":"Rain shelters and garden benches are provided in the Garden","Ancillary_facilities_cn":"花園內設有避雨亭和公園椅","Opening_hours_en":"24 hours daily","Opening_hours_cn":"每日24小時開放","Phone":"2385 8985","Remarks_en":"","Remarks_cn":"","Longitude":"114-10-30","Latitude":"22-18-41"},{"District_en":"Yau Tsim Mong","District_cn":"油尖旺區","Name_en":"Kowloon Park","Name_cn":"九龍公園","Address_en":"22 Austin Road, Tsim Sha Tsui, Kowloon","Address_cn":"九龍尖沙咀柯士甸道22號","GIHS":"fJjRzFzbeH","Facilities_en":"Fitness Trail:<br><li>Maze<br><li>Pushups<br><li>Balance Beam<br><li>Parallel Bars<br><li>Sit Ups<br><li>Horizontal Ladder<br><li>Chinning Bars<br><li>Squat-Stretch Bench","Facilities_cn":"健身徑：<br><li>挑戰攀架<br><li>掌上壓<br><li>平行木<br><li>雙槓<br><li>仰臥起坐板<br><li>水平橫槓<br><li>引體上升架<br><li>蹲立練習架<br>","Ancillary_facilities_en":"<li>Toilets, a children playground, rain shelters and garden benches are provided in the Park.<br><li>A fee-paying car park with 18 parking spaces (including 2 parking spaces for persons with disabilities) is provided.","Ancillary_facilities_cn":"<li>公園內設有洗手間、1個兒童遊樂場、避雨亭、公園長椅<br><li>設有18個泊車位(包括2個殘疾人士專用車位)的收費停車場","Opening_hours_en":"5 am to midnight daily","Opening_hours_cn":"每日上午5時至午夜12時","Phone":"2724 3344","Remarks_en":"","Remarks_cn":"","Longitude":"114-10-13","Latitude":"22-18-0"},{"District_en":"Yau Tsim Mong","District_cn":"油尖旺區","Name_en":"Lok Kwan Street Park","Name_cn":"樂羣街公園","Address_en":"25 Lok Kwan Street, Mong Kok, Kowloon","Address_cn":"九龍旺角樂群街25號 ","GIHS":"68HrIP1lzB","Facilities_en":"Jogging Track (300m)","Facilities_cn":"緩跑徑 (300米)","Ancillary_facilities_en":"<li>Toilets and accessible toilet are provided in the Park.<br><li>Other facilities include a children's play area and elderly fitness stations.","Ancillary_facilities_cn":"<li>公園內設有洗手間及暢通易達洗手間<br><li>其他設施包括兒童遊樂設施和長者健身站<br>","Opening_hours_en":"24 hours daily","Opening_hours_cn":"每日24小時開放","Phone":"2302 1762","Remarks_en":"","Remarks_cn":"","Longitude":"114-9-38","Latitude":"22-19-25"},{"District_en":"Yau Tsim Mong","District_cn":"油尖旺區","Name_en":"Sai Yee Street Garden","Name_cn":"洗衣街花園","Address_en":"32 Sai Yee Street, Mong Kok, Kowloon","Address_cn":"九龍旺角洗衣街32號","GIHS":"6QUF97Djgj","Facilities_en":"Jogging Track (156m)","Facilities_cn":"緩跑徑 (156米)","Ancillary_facilities_en":"A children's playground and elderly fitness stations are provided in the Garden","Ancillary_facilities_cn":"花園內設有兒童遊樂場和長者健身站","Opening_hours_en":"24 hours daily","Opening_hours_cn":"每日24小時開放","Phone":"2928 8182","Remarks_en":"","Remarks_cn":"","Longitude":"114-10-19","Latitude":"22-19-2"},{"District_en":"Yau Tsim Mong","District_cn":"油尖旺區","Name_en":"Yau Ma Tei Service Reservoir Rest Garden","Name_cn":"油麻地配水庫休憩花園","Address_en":"King's Park Rise, Yau Ma Tei, Kowloon","Address_cn":"九龍油麻地京士柏道","GIHS":"GxYZvAWP5Q","Facilities_en":"Jogging track (270m)","Facilities_cn":"緩跑徑 (270米)","Ancillary_facilities_en":"<li>Rain shelters and garden benches are provided in the Garden<br><li>Other facilities include elderly fitness stations with bench steppers, upper body warm-up, upper body stretch and strengthening, single leg balance, back strengthening, calf stretch, partial lunge and hamstring stretch","Ancillary_facilities_cn":"<li>花園內設有避雨亭和公園椅<br><li>其他設施包括長者健身設施 <br>- 踏級練習、手臂轉板、上身的伸展強健鍛鍊、單腿平衡、強健背部、小腿伸展、半前蹲、腿鍵伸展<br>","Opening_hours_en":"24 hours daily","Opening_hours_cn":"每日24小時開放","Phone":"2385 8985","Remarks_en":"","Remarks_cn":"","Longitude":"114-10-23","Latitude":"22-18-44"},{"District_en":"Southern","District_cn":"南區","Name_en":"Ap Lei Chau Service Reservoir Playground","Name_cn":"鴨脷洲配水庫遊樂場","Address_en":"Roof Top, Ap Lei Chau Service Reservoir, Aberdeen, Hong Kong","Address_cn":"香港香港仔鴨脷洲配水庫頂","GIHS":"S7IN9L8iIq","Facilities_en":"A jogging track","Facilities_cn":"緩跑徑","Ancillary_facilities_en":"Elderly fitness equipment, a 7-a-side soccer pitch and a pebble walking trail are provided in the Playground.","Ancillary_facilities_cn":"遊樂場內設有長者健體設施, 一個七人足球場和卵石路步行徑","Opening_hours_en":"24 hours daily","Opening_hours_cn":"每日24小時開放","Phone":"2555 0103","Remarks_en":"","Remarks_cn":"","Longitude":"114-9-21","Latitude":"22-14-24"},{"District_en":"Southern","District_cn":"南區","Name_en":"Shum Wan Road Sitting-out Area","Name_cn":"深灣道休憩處","Address_en":"Shum Wan Road, Wong Chuk Hang, Aberdeen, Hong Kong","Address_cn":"香港香港仔黃竹坑深灣道","GIHS":"o0rtGiNYEu","Facilities_en":"A jogging track","Facilities_cn":"緩跑徑","Ancillary_facilities_en":"Elderly fitness equipment is provided in the Area.","Ancillary_facilities_cn":"休憩處內設有長者健體設施","Opening_hours_en":"24 hours daily","Opening_hours_cn":"每日24小時開放","Phone":"2555 0103","Remarks_en":"","Remarks_cn":"","Longitude":"114-9-55","Latitude":"22-14-42"},{"District_en":"Southern","District_cn":"南區","Name_en":"Wong Chuk Hang Service Reservoir Rest Garden","Name_cn":"黃竹坑配水庫休憩花園","Address_en":"Roof Top, Wong Chuk Hang Service Reservoir, Aberdeen, Hong Kong","Address_cn":"香港香港仔黃竹坑配水庫頂","GIHS":"c2AlC4FdIR","Facilities_en":"A jogging track","Facilities_cn":"緩跑徑","Ancillary_facilities_en":"Elderly fitness equipment is provided in the Garden.","Ancillary_facilities_cn":"花園內設有長者健體設施","Opening_hours_en":"24 hours daily","Opening_hours_cn":"每日24小時開放","Phone":"2555 0103","Remarks_en":"","Remarks_cn":"","Longitude":"114-10-3","Latitude":"22-14-36"},{"District_en":"Southern","District_cn":"南區","Name_en":"Wong Nai Chung Reservoir Park Fitness Trail","Name_cn":"黃泥涌水塘公園健身徑","Address_en":"Tai Tam Reservoir Road, Wong Nai Chung, Hong Kong","Address_cn":"香港黃泥涌大潭水塘道","GIHS":"Ql8AJekFJn","Facilities_en":"A fitness trail","Facilities_cn":"健身徑","Ancillary_facilities_en":"Elderly fitness equipment is provided in the Park.","Ancillary_facilities_cn":"公園內設有長者健體設施","Opening_hours_en":"24 hours daily","Opening_hours_cn":"每日24小時開放","Phone":"2555 0103","Remarks_en":"","Remarks_cn":"","Longitude":"114-11-39","Latitude":"22-15-24"},{"District_en":"Southern","District_cn":"南區","Name_en":"Yuk Kwai Shan Service Reservoir Sitting-out Area","Name_cn":"玉桂山配水庫休憩處","Address_en":"Roof Top, Ap Lei Chau No.2 Fresh Water Service Reservoir, Yuk Kwai Shan, Aberdeen, Hong Kong","Address_cn":"香港香港仔玉桂山鴨脷洲2號配水庫頂","GIHS":"NGBmu0qJ2d","Facilities_en":"A jogging track","Facilities_cn":"緩跑徑","Ancillary_facilities_en":"Elderly fitness equipment and a pebble walking trail are provided in the Area.","Ancillary_facilities_cn":"休憩處內設有長者健體設施和卵石路步行徑","Opening_hours_en":"24 hours daily","Opening_hours_cn":"每日24小時開放","Phone":"2555 0103","Remarks_en":"","Remarks_cn":"","Longitude":"114-9-1","Latitude":"22-14-27"},{"District_en":"Tsuen Wan","District_cn":"荃灣區","Name_en":"Tsuen Wan Park ( Phase II)","Name_cn":"荃灣公園二期 ","Address_en":"59 Wing Shun Street, Tsuen Wan, N.T.","Address_cn":"荃灣永順街59 號","GIHS":"jebQerJrxW","Facilities_en":"1 Jogging track with 1 300 M long","Facilities_cn":"1條全長1 300米的緩跑徑","Ancillary_facilities_en":"<li>Men's and ladies' changing rooms and toilets","Ancillary_facilities_cn":"<li>男、女更衣室及洗手間","Opening_hours_en":"24 hours","Opening_hours_cn":"全日","Phone":"2408 9592","Remarks_en":"","Remarks_cn":"","Longitude":"114-6-46","Latitude":"22-22-2"},{"District_en":"Sham Shui Po","District_cn":"深水埗區","Name_en":"Lai Chi Kok Park (Stage III)","Name_cn":"荔枝角公園(第三期)","Address_en":"Lai Wan Road, Lai Chi Kok, Kowloon.","Address_cn":"九龍荔枝角荔灣道","GIHS":"wpAN17dM0g","Facilities_en":"1 no. of 600-metre jogging track; 1 no. of 1000-metre jogging track","Facilities_cn":"1條600米長的緩跑徑、1條1000米長的緩跑徑","Ancillary_facilities_en":"6 fitness stations, toilet facilities","Ancillary_facilities_cn":"6組健身站、洗手間","Opening_hours_en":"(24 hours daily)","Opening_hours_cn":"(每日24小時開放)","Phone":"2307 0429","Remarks_en":"","Remarks_cn":"","Longitude":"114-8-13","Latitude":"22-20-22"},{"District_en":"Sham Shui Po","District_cn":"深水埗區","Name_en":"Po On Road Playground ","Name_cn":"保安道遊樂場","Address_en":"J\/O Po On Road and Cheung Fat Street, Sham Shui Po, Kowloon","Address_cn":"九龍深水埗保安道及長發街交界","GIHS":"rKZmD3Cwud","Facilities_en":"1 no. of 180-metre jogging track","Facilities_cn":"1條180米長的緩跑徑","Ancillary_facilities_en":"4 fitness stations, Men's and ladies' toilets (including accessible toilets)","Ancillary_facilities_cn":"4組健身站、男、女洗手間 (設有暢通易達洗手間)","Opening_hours_en":"(24 hours daily)","Opening_hours_cn":"(每日24小時開放)","Phone":"2360 2287","Remarks_en":"","Remarks_cn":"","Longitude":"114-9-28","Latitude":"22-20-22"},{"District_en":"Sham Shui Po","District_cn":"深水埗區","Name_en":"Sham Shui Po Park (Stage II)","Name_cn":"深水埗公園(第二期)","Address_en":"Tung Chau Street, Sham Shui Po, Kowloon","Address_cn":"九龍深水埗通州街","GIHS":"ndGIF2Dhkh","Facilities_en":"1 no. of 400-metre jogging track","Facilities_cn":"1條400米長的緩跑徑","Ancillary_facilities_en":"Men’s and ladies’ changing rooms and toilets (including accessible toilets)","Ancillary_facilities_cn":"男、女洗手間 (設有暢通易達洗手間)","Opening_hours_en":"(24 hours daily)","Opening_hours_cn":"(每日24小時開放)","Phone":"2720 5723","Remarks_en":"","Remarks_cn":"","Longitude":"114-9-28","Latitude":"22-20-22"},{"District_en":"Sham Shui Po","District_cn":"深水埗區","Name_en":"Shek Kip Mei Park (Phase III)","Name_cn":"石硤尾公園(第三期)","Address_en":"270 Nam Cheong Street, Sham Shui Po, Kowloon","Address_cn":"九龍深水埗南昌街270號","GIHS":"YiaaI2jovP","Facilities_en":"1 no. of 588-metre jogging track","Facilities_cn":"1條588米長的緩跑徑","Ancillary_facilities_en":"5 fitness stations, toilet and changing facilities","Ancillary_facilities_cn":"5組健身站、洗手間及更衣室","Opening_hours_en":"(24 hours daily)","Opening_hours_cn":"(每日24小時開放)","Phone":"2777 1540","Remarks_en":"","Remarks_cn":"","Longitude":"114-10-15","Latitude":"22-20-19"},{"District_en":"Sham Shui Po","District_cn":"深水埗區","Name_en":"Shek Kip Mei Service Reservoir Playground","Name_cn":"石硤尾配水庫遊樂場","Address_en":"J\/O Lung Cheung Road and Nam Cheong Street, Sham Shui Po, Kowloon","Address_cn":"九龍深水埗龍翔道及南昌街交界","GIHS":"6LiD992uiu","Facilities_en":"1 no. of 600-metre jogging track","Facilities_cn":"1條600米長的緩跑徑","Ancillary_facilities_en":"Men's and ladies' changing rooms and toilets (including accessible toilets)","Ancillary_facilities_cn":"男、女更衣室及洗手間 (設有暢通易達洗手間)","Opening_hours_en":"(24 hours daily)","Opening_hours_cn":"(每日24小時開放)","Phone":"2741 4044","Remarks_en":"","Remarks_cn":"","Longitude":"114-9-59","Latitude":"22-20-28"},{"District_en":"Sham Shui Po","District_cn":"深水埗區","Name_en":"To Yuen Street Playground","Name_cn":"桃源街遊樂場","Address_en":"J\/O To Yuen Street and Tat Chee Avenue, Kowloon","Address_cn":"九龍達之路及桃源街交界","GIHS":"r0F06dENcx","Facilities_en":"1 no. of 95-metre jogging track","Facilities_cn":"1條95米長的緩跑徑","Ancillary_facilities_en":"7 fitness stations, Men's and ladies' toilets (including accessible toilets)","Ancillary_facilities_cn":"7組健身站、男、女洗手間 (設有暢通易達洗手間)","Opening_hours_en":"7 am to 9 pm daily","Opening_hours_cn":"每日上午7時至晚上9時","Phone":"2741 4044","Remarks_en":"","Remarks_cn":"","Longitude":"114-10-31","Latitude":"22-20-7"},{"District_en":"Wong Tai Sin","District_cn":"黃大仙區","Name_en":"Ma Chai Hang Recreation Ground","Name_cn":"馬仔坑遊樂場","Address_en":"30 Ma Chai Hang Road, Wong Tai Sin, Kowloon","Address_cn":"九龍黃大仙馬仔坑道30號","GIHS":"vBsGfLfMfJ","Facilities_en":"1 Jogging Track (about 220m)","Facilities_cn":"1條緩跑徑 (約220米)","Ancillary_facilities_en":"5 sets of Fitness Equipment<br>Toilet<br>Lighting System","Ancillary_facilities_cn":"5組健身設備<br>洗手間<br>照明系統","Opening_hours_en":"24 hours daily","Opening_hours_cn":"每日24小時開放","Phone":"2321 0126","Remarks_en":"","Remarks_cn":"","Longitude":"114-11-18","Latitude":"22-20-40"},{"District_en":"Wong Tai Sin","District_cn":"黃大仙區","Name_en":"Morse Park (Park No.1)","Name_cn":"摩士公園(一號公園)","Address_en":"Tai Tung Street, Wong Tai Sin, Kowloon","Address_cn":"九龍黃大仙大同街","GIHS":"WNaOxOf7Bk","Facilities_en":"A jogging track","Facilities_cn":"緩跑徑","Ancillary_facilities_en":"A toilet<br>A toilet for persons with a disability","Ancillary_facilities_cn":"洗手間<br>殘疾人士洗手間","Opening_hours_en":"24 hours daily","Opening_hours_cn":"每日24小時開放","Phone":"2323 9665","Remarks_en":"","Remarks_cn":"","Longitude":"114-11-38","Latitude":"22-20-12"},{"District_en":"Wong Tai Sin","District_cn":"黃大仙區","Name_en":"Tsz Wan Shan Estate Service Reservoir Playground","Name_cn":"慈雲山邨配水庫遊樂場","Address_en":"Lok Wah Street, Tsz Wan Shan, Kowloon","Address_cn":"九龍慈雲山樂華街","GIHS":"tNbhCDE8yu","Facilities_en":"1 Jogging Track (about 440m)","Facilities_cn":"1條緩跑徑 (約440米)","Ancillary_facilities_en":"10 sets of Fitness Equipment","Ancillary_facilities_cn":"10組健身設備","Opening_hours_en":"24 hours daily","Opening_hours_cn":"每日24小時開放","Phone":"2321 1022","Remarks_en":"","Remarks_cn":"","Longitude":"114-12-21","Latitude":"22-20-52"},{"District_en":"Kwai Tsing","District_cn":"葵青區","Name_en":"Central Kwai Chung Park","Name_cn":"中葵涌公園","Address_en":"San Kwai Street, Kwai Chung","Address_cn":"葵涌新葵街","GIHS":"wJ8k0Jn1W0","Facilities_en":"1 no.","Facilities_cn":"1條","Ancillary_facilities_en":"<li>2 Basketball Courts cum Volleyball Courts<br>\r\n<li>2 5-a-side Soccer Pitches<br>\r\n<li>1 Roller Skating Rink<br>\r\n<li>Picnic Area<br>\r\n<li>Children's Play Area<br>\r\n<li>Fitness Area<br>\r\n<li>Elderly Fitness Area<br>\r\n<li>Walking Tiles<br>\r\n<li>6 Pavilions<br>\r\n<li>5 Rain Shelters<br>\r\n<li>Men's and Ladies' Changing Rooms and Toilets (including Accessible Toilet)","Ancillary_facilities_cn":"<li>2個籃球場兼排球場<br><li>2個5人足球場<br><li>1個滾軸溜冰場<br><li>野餐區<br><li>兒童遊樂設施<br><li>健體設施<br><li>長者健體設施<br><li>足健徑<br><li>6個涼亭<br><li>5個避雨亭<br><li>1個蔭棚<br><li>男、女更衣室及洗手間(設有暢通易達洗手間)","Opening_hours_en":"24 hours","Opening_hours_cn":"全日開放","Phone":"2619 9200","Remarks_en":"","Remarks_cn":"","Longitude":"114-7-59","Latitude":"22-21-26"},{"District_en":"Kwai Tsing","District_cn":"葵青區","Name_en":"Shek Yam Lei Muk Road Park","Name_cn":"石蔭梨木道公園","Address_en":"Lei Muk Road, Kwai Chung, NT","Address_cn":"新界葵涌梨木道","GIHS":"JlAMLvnFuh","Facilities_en":"1 no.","Facilities_cn":"1條","Ancillary_facilities_en":"<li>1 Multi-use Natural Turf Pitch<br><li>Children's Play Area<br><li>Elderly Fitness Area<br><li>Walking Tiles<br><li>3 Pavilions<br><li>8 Rain Shelters<br><li>1 Large Amenity Lawn<br><li>Men's and Ladies'  Toilets (including Accessible Toilet)","Ancillary_facilities_cn":"<li>1個多用途天然草球場<br><li>兒童遊樂設施<br><li>長者健體設施<br><li>足健徑<br><li>3個涼亭<br><li>8個避雨亭<br><li>大休憩草坪<br><li>男、女洗手間(設有暢通易達洗手間)","Opening_hours_en":"24 hours","Opening_hours_cn":"全日開放","Phone":"2619 9200","Remarks_en":"","Remarks_cn":"","Longitude":"114-8-14","Latitude":"22-22-18"},{"District_en":"Kwai Tsing","District_cn":"葵青區","Name_en":"Tai Wo Hau Road South Playground","Name_cn":"大窩口道南遊樂場","Address_en":"Tai Wo Hau Road South, Kwai Chung, New Territories","Address_cn":"新界葵涌大窩口道南","GIHS":"zUvxvqaN5u","Facilities_en":"1 Jogging Track","Facilities_cn":"1條緩跑徑","Ancillary_facilities_en":"<li>1 Children's Play Area<br><li>1 Fitness Area<br><li>2 Pavilions<br><li>6 Rain Shelters<br><li>3 Arbours<br><li>Men's and Ladies'  Toilets (including Accessible Toilet)<br><li>1 5-a-side Soccer Pitch<br>","Ancillary_facilities_cn":"<li>兒童遊樂設施<br><li>健身設施<br><li>2個涼亭<br><li>6個避雨亭<br><li>3個蔭棚<br><li>男、女洗手間(設有暢通易達洗手間)<br><li>1個五人足球場<br>","Opening_hours_en":"24 hours","Opening_hours_cn":"全日開放","Phone":"2619 9200","Remarks_en":"","Remarks_cn":"","Longitude":"114-7-42","Latitude":"22-21-58"},{"District_en":"Kwai Tsing","District_cn":"葵青區","Name_en":"Tsing Yi Promenade","Name_cn":"青衣海濱公園","Address_en":"Nga Ying Chau Street, Tsing Yi ","Address_cn":"青衣牙鷹洲街","GIHS":"PbsjT7ytDe","Facilities_en":"2 Jogging Tracks","Facilities_cn":"2條緩跑徑","Ancillary_facilities_en":"<li>Children's Play Area<br><li>Elderly Fitness Area<br><li>Fitness Area<br><li>Pebble Walking Trail<br><li>1 Large Amenity Lawn<br><li>1 Piazza with Spectator Stand","Ancillary_facilities_cn":"<li>兒童遊樂設施<br><li>長者健體設施<br><li>健體設施<br><li>卵石路步行徑<br><li>大休憩草坪<br><li>1個露天廣場連有蓋看台","Opening_hours_en":"24 hours","Opening_hours_cn":"全日開放","Phone":"2619 9200","Remarks_en":"","Remarks_cn":"","Longitude":"114-6-32","Latitude":"22-21-26"},{"District_en":"Wan Chai","District_cn":"灣仔區","Name_en":"Bowen Road Fitness Trail","Name_cn":"寶雲道健身徑","Address_en":"Bowen Road, Wan Chai, Hong Kong","Address_cn":"香港灣仔寶雲道","GIHS":"gjTWuYeFF8","Facilities_en":"A fitness trail with a length of 3,000 m, 8 nos. of Fitness Stations","Facilities_cn":"一條全長約3000米的健身徑, 8個健身站","Ancillary_facilities_en":"","Ancillary_facilities_cn":"","Opening_hours_en":"24 hours","Opening_hours_cn":"24小時開放","Phone":"2528 2983","Remarks_en":"","Remarks_cn":"","Longitude":"114-10-9","Latitude":"22-16-26"},{"District_en":"Kwun Tong","District_cn":"觀塘區","Name_en":"Hong Ning Road Park","Name_cn":"康寧道公園","Address_en":"Junction Hong Ning Road and Wo Hong Path and Kwun Tong, Kowloon","Address_cn":"九龍觀塘康寧道和康徑交界","GIHS":"obFeqaqTer","Facilities_en":"4 nos. of Fitness Station and 1 no. Jogging Track","Facilities_cn":"４個健身設施及1條緩跑徑","Ancillary_facilities_en":"<li>Toilets and changing rooms with lockers are provided in the Park. (including accessible toilets)<br><li>A fee-charging car park with 21 parking spaces is provided (including 1 designated disabled parking space)","Ancillary_facilities_cn":"<li>公園內設有男 \/ 女洗手間、更衣室及貯物櫃 (設有暢通易達洗手間)<br><li>設有21個泊車位的收費停車場 (設有1個殘疾人士專用車位)","Opening_hours_en":"24 hours daily","Opening_hours_cn":"每日24小時開放","Phone":"2341 2602","Remarks_en":"","Remarks_cn":"","Longitude":"114-13-26","Latitude":"22-19-12"},{"District_en":"Kwun Tong","District_cn":"觀塘區","Name_en":"Jordan Valley Playground","Name_cn":"佐敦谷遊樂場","Address_en":"Choi Ha Road, Ngau Tau Kok, Kowloon","Address_cn":"九龍牛頭角彩霞道","GIHS":"cqtAusDdkB","Facilities_en":"7 nos. of Fitness Station and 1 no. of Jogging Track","Facilities_cn":"7個健身設施及1條緩跑徑","Ancillary_facilities_en":"<li>Toilets and changing rooms with lockers are provided in the Playground. (including accessible toilets)<li>A fee-charging car park with 16 parking spaces is provided (including 1 designated disabled parking space)","Ancillary_facilities_cn":"<li>遊樂場內設有洗手間、更衣室及貯物櫃 (設有暢通易達洗手間)<li>設有16個泊車位的收費停車場 (設有1個殘疾人士專用車位)","Opening_hours_en":"6am-11:30pm","Opening_hours_cn":"上午6時至晚上11時30分","Phone":"2758 3465","Remarks_en":"","Remarks_cn":"","Longitude":"114-13-8","Latitude":"22-19-30"},{"District_en":"Kwun Tong","District_cn":"觀塘區","Name_en":"Kwun Tong High Level Service Reservoir Garden","Name_cn":"觀塘上配水庫花園","Address_en":"Jordon Valley, Kwun Tong, Kowloon","Address_cn":"九龍觀塘佐敦谷","GIHS":"NtasQXp2BU","Facilities_en":"4 nos. of Fitness Station and１no. of Jogging Track","Facilities_cn":"4個健身設施及1條緩跑徑","Ancillary_facilities_en":"","Ancillary_facilities_cn":"","Opening_hours_en":"24 hours daily","Opening_hours_cn":"每日24小時開放","Phone":"2341 4755","Remarks_en":"","Remarks_cn":"","Longitude":"114-13-24","Latitude":"22-19-27"},{"District_en":"Kwun Tong","District_cn":"觀塘區","Name_en":"Laguna Park","Name_cn":"麗港公園","Address_en":"Cha Kwo Ling Road, Kwun Tong, Kowloon","Address_cn":"九龍觀塘茶果嶺道","GIHS":"oqhUD5t9XW","Facilities_en":"8 nos. of Fitness Station and 1 no. of Jogging Track","Facilities_cn":"8個健身設施及1條緩跑徑","Ancillary_facilities_en":"<li>Toilets are provided in the Park (including accessible toilet).","Ancillary_facilities_cn":"<li>公園內設有洗手間(設有暢通易達洗手間)","Opening_hours_en":"24 hours daily","Opening_hours_cn":"每日24小時開放","Phone":"2341 4755","Remarks_en":"","Remarks_cn":"","Longitude":"114-13-37","Latitude":"22-18-26"},{"District_en":"Kwun Tong","District_cn":"觀塘區","Name_en":"Lam Tin Park","Name_cn":"藍田公園","Address_en":"Pik Wan Road, Lam Tin, Kowloon","Address_cn":"九龍藍田碧雲道","GIHS":"2pHirqsCPh","Facilities_en":"6 nos. of Fitness Station","Facilities_cn":"6個健身設施","Ancillary_facilities_en":"<li>Toilets are provided in the Park (including accessible toilet).","Ancillary_facilities_cn":"<li>公園內設有洗手間(設有暢通易達洗手間)","Opening_hours_en":"24 hours daily","Opening_hours_cn":"每日24小時開放","Phone":"2341 4755","Remarks_en":"","Remarks_cn":"","Longitude":"114-14-26","Latitude":"22-18-39"},{"District_en":"Kwun Tong","District_cn":"觀塘區","Name_en":"Lam Tin Service Reservoir Playground","Name_cn":"藍田配水庫遊樂場","Address_en":"Junction of Leung Tin Lane & Tak Tin Street, <br>Lam Tin, Kowloon","Address_cn":"九龍藍田德田街良田里交界","GIHS":"JMjmneESPR","Facilities_en":"1 no. of Jogging Track","Facilities_cn":"1條緩跑徑","Ancillary_facilities_en":"<li>Outdoor storage cages are provided in the Playground.","Ancillary_facilities_cn":"<li>遊樂場內設有戶外貯物籠","Opening_hours_en":"24 hours daily","Opening_hours_cn":"每日24小時開放","Phone":"2341 4755","Remarks_en":"","Remarks_cn":"","Longitude":"114-14-11","Latitude":"22-18-34"},{"District_en":"Kwun Tong","District_cn":"觀塘區","Name_en":"Ping Shek Playground","Name_cn":"坪石遊樂場","Address_en":"20 New Clear Water Bay Road, Kowloon","Address_cn":"九龍新清水灣道20號","GIHS":"HsD0QozWNg","Facilities_en":"14 nos. of Fitness Station and 1 no. of Jogging Track","Facilities_cn":"14個健身設施及1條緩跑徑","Ancillary_facilities_en":"<li>Toilets and changing rooms with lockers are provided in the Playground. (including accessible toilets)<li>A fee-charging car park with 33 parking spaces is provided (including 1 designated disabled parking space)","Ancillary_facilities_cn":"<li>遊樂場內設有洗手間、更衣室及貯物櫃 (設有暢通易達洗手間)\t<li>設有33個泊車位的收費停車場 (設有1個殘疾人士專用車位)","Opening_hours_en":"6 am to 11:30 pm","Opening_hours_cn":"上午6時至晚上11時30分","Phone":"2324 4302","Remarks_en":"","Remarks_cn":"","Longitude":"114-12-43","Latitude":"22-19-57"},{"District_en":"Kwun Tong","District_cn":"觀塘區","Name_en":"Sai Tso Wan Recreation Ground","Name_cn":"晒草灣遊樂場","Address_en":"Sin Fat Road, Lam Tin, Kowloon","Address_cn":"九龍藍田茜發道","GIHS":"p8KzlGTeUZ","Facilities_en":"Jogging Track","Facilities_cn":"緩跑徑","Ancillary_facilities_en":"<li>Toilets and changing rooms with lockers are provided in the Recreation Ground (including accessible toilet).<br><li>A fee-charging car park with 27 parking spaces is provided (including 1 accessible parking space)","Ancillary_facilities_cn":"<li>遊樂場內設有洗手間、更衣室及貯物櫃(設有暢通易達洗手間)<br><li>設有27個泊車位的收費停車場 (設有1個暢通易達停車位)","Opening_hours_en":"7 am to 11 pm","Opening_hours_cn":"上午7時至晚上11時","Phone":"2952 3011","Remarks_en":"","Remarks_cn":"","Longitude":"114-13-59","Latitude":"22-18-16"},{"District_en":"Kwun Tong","District_cn":"觀塘區","Name_en":"Shun Lee Tsuen Park","Name_cn":"順利邨公園","Address_en":"No. 33, Shun Lee Tsuen Road, Kwun Tong, Kowloon","Address_cn":"九龍觀塘順利邨道33號","GIHS":"n6EPwDKhA3","Facilities_en":"6 nos. of Fitness Stations and 1 no. of Jogging Track","Facilities_cn":"6個健身設施及1條緩跑徑","Ancillary_facilities_en":"<li>Men's and ladies' changing rooms and toilets (including accessible toilets)\r\n<br><li>A fee-charging car park with 47 parking spaces (including 1 parking space for the disabled) and 6 motorcycle parking spaces<br>\r\n","Ancillary_facilities_cn":"<li>男、女更衣室及洗手間 (設有暢通易達洗手間)\r\n<br><li>設有47個泊車位(包括一個殘疾人士專用車位)及6個電單車位的收費停車場<br>\r\n","Opening_hours_en":"24 hours daily","Opening_hours_cn":"每日24小時開放","Phone":"2951 4136","Remarks_en":"","Remarks_cn":"","Longitude":"114-13-30","Latitude":"22-19-48"},{"District_en":"Kwun Tong","District_cn":"觀塘區","Name_en":"Shun Lee Tsuen Playground","Name_cn":"順利邨遊樂場","Address_en":"Junction of Lee On Road & <br>Shun Lee Tsuen Road, <br>Kwun Tong","Address_cn":"觀塘順利邨道利安道交界","GIHS":"czMcWXcxk1","Facilities_en":"1 no. of Fitness Station and 1 no. of Jogging Track","Facilities_cn":"1個健身設施及1條緩跑徑","Ancillary_facilities_en":"<li>Toilets are provided in the Playground (including accessible toilets)","Ancillary_facilities_cn":"<li>遊樂場內設有洗手間 (設有暢通易達洗手間)\t\r\n","Opening_hours_en":"24 hours daily","Opening_hours_cn":"每日24小時開放","Phone":"2341 4755","Remarks_en":"","Remarks_cn":"","Longitude":"114-13-24","Latitude":"22-19-52"},{"District_en":"Kwun Tong","District_cn":"觀塘區","Name_en":"Yau Tong Service Reservoir Playground","Name_cn":"油塘配水庫遊樂場","Address_en":"Pik Wan Road, <br>Lam Tin, Kowloon","Address_cn":"九龍藍田碧雲道","GIHS":"Tc7OLM9e1t","Facilities_en":"Jogging Track","Facilities_cn":"1條緩跑徑","Ancillary_facilities_en":"","Ancillary_facilities_cn":"","Opening_hours_en":"24 hours daily","Opening_hours_cn":"每日24小時開放","Phone":"2341 4755","Remarks_en":"","Remarks_cn":"","Longitude":"114-14-28","Latitude":"22-18-0"},{"District_en":"Wan Chai","District_cn":"灣仔區","Name_en":"Green Lane Service Reservoir Sitting-out Area","Name_cn":"箕璉坊配水庫休憩處","Address_en":"Green Lane, Happy Valley, Hong Kong","Address_cn":"香港跑馬地箕璉坊","GIHS":"9DniDYJ6KH","Facilities_en":"A jogging track\/fitness trail with a length of 255 m","Facilities_cn":"一條全長約255米的緩跑徑 \/ 健身徑","Ancillary_facilities_en":"","Ancillary_facilities_cn":"","Opening_hours_en":"September to April: 7 am – 6 pm daily<br>\nMay to August: 6:45am to 6:45pm daily","Opening_hours_cn":"9月至4月：每日上午7時至下午6時<br>\n5月至8月：每日上午6時45分至晚上6時45分","Phone":"2879 5617","Remarks_en":"","Remarks_cn":"","Longitude":"114-11-11","Latitude":"22-15-50"},{"District_en":"Kwun Tong","District_cn":"觀塘區","Name_en":"Jordan Valley Park","Name_cn":"佐敦谷公園","Address_en":"No.71, New Clear Water Bay Road","Address_cn":"觀塘新清水灣道71號","GIHS":"m4eTpovRSE","Facilities_en":"4 Jogging Tracks with 1,115m length and Fitness Stations","Facilities_cn":"4條全長1,115米設有健身站的緩跑徑","Ancillary_facilities_en":"<li>Toilets are provided in the Park. (including accessible toilets)<br><li>A fee-charging car park with 42 parking spaces is provided (including 1 designated disabled parking space)","Ancillary_facilities_cn":"<li>公園內設有洗手間 (設有暢通易達洗手間)<br><li>設有42個泊車位的收費停車場 (設有1個殘疾人士專用車位)","Opening_hours_en":"5:00 am to 11:00 pm","Opening_hours_cn":"上午5時至晚上11時","Phone":"2342 2241","Remarks_en":"","Remarks_cn":"","Longitude":"114-13-19","Latitude":"22-19-47"},{"District_en":"North","District_cn":"北區","Name_en":"Po Wing Road Sports Centre","Name_cn":"保榮路體育館","Address_en":"19 Pak Wo Road, Sheung Shui, New Territories","Address_cn":"新界上水百和路19號","GIHS":"NaDMA7XHJI","Facilities_en":"1 indoor jogging track (with 2 lanes)","Facilities_cn":"一條設有2線道的室內緩跑徑；","Ancillary_facilities_en":null,"Ancillary_facilities_cn":null,"Opening_hours_en":"7 am to 11 pm daily. (Except maintenance day)","Opening_hours_cn":"每日上午7時至晚上11時(定期保養日除外)","Phone":"2639 2979","Remarks_en":"The opening hour of indoor jogging track please refer to the notice displayed in the venue.","Remarks_cn":"緩跑徑開放時間請留意場地有關通告。","Longitude":"114-7-42","Latitude":"22-29-49"},{"District_en":"Kwai Tsing","District_cn":"葵青區","Name_en":"Tsing Yi Northeast Park","Name_cn":"青衣東北公園","Address_en":"10 Tam Kon Shan Road, Tsing Yi","Address_cn":"青衣担桿山路10號","GIHS":"mmUuxFQDGX","Facilities_en":"1 Jogging Trail with Fitness Stations","Facilities_cn":"1 條設有健體站的緩跑徑","Ancillary_facilities_en":"<li>1 11-a-side Artificial Turf Soccer Pitch<\/li><li>2 Basketball cum Volleyball Courts<\/li><li>1 Piazza<\/li><li>1 Skateboard Arena<\/li><li>1 Cycling Track<\/li><li>1 Children’s Cycling Track<\/li><li>1 Gateball Court<\/li><li>1 Waterfront Promenade<\/li><li>1 Elderly Fitness Corner<\/li><li>2 Children’s Play Area<\/li><li>1 Walking Tile<\/li><li>1 Landscaped Area<\/li>","Ancillary_facilities_cn":"<li>1個十一人人造草地足球場<\/li><li>2個籃球暨排球場<\/li><li>露天廣場<\/li><li>滑板場<\/li><li>單車徑<\/li><li>兒童單車徑<\/li><li>門球場<\/li><li>海濱長廊<\/li><li>長者健體園地<\/li><li>兒童遊樂場<\/li><li>幼兒遊樂場<\/li><li>足健徑<\/li><li>園景區<\/li>","Opening_hours_en":"5:30 am to 11:30 pm daily","Opening_hours_cn":"每日上午5時30分至晚上11時30分","Phone":"2436 3422","Remarks_en":null,"Remarks_cn":null,"Longitude":"114-5-56","Latitude":"22-21-45"},{"District_en":"Yuen Long","District_cn":"元朗區","Name_en":"Tin Fai Road Sports Centre","Name_cn":"天暉路體育館","Address_en":"63 Tin Shui Road, Tin Shui Wai","Address_cn":"天水圍天瑞路63號","GIHS":"iovenAqhn8","Facilities_en":"Indoor Jogging Track (130 meter)","Facilities_cn":"室內緩跑徑 (130米)","Ancillary_facilities_en":null,"Ancillary_facilities_cn":null,"Opening_hours_en":"7 am to 11 pm daily. (Except maintenance day)","Opening_hours_cn":"每日上午7時至晚上11時(定期保養日除外)","Phone":"2473 0229","Remarks_en":null,"Remarks_cn":null,"Longitude":"113-59-49","Latitude":"22-27-53"},{"District_en":"Sham Shui Po","District_cn":"深水埗區","Name_en":"Tai Hang Tung Recreation Ground","Name_cn":"大坑東遊樂場","Address_en":"63 Boundary Street, Sham Shui Po, Kowloon","Address_cn":"九龍深水埗界限街 63 號","GIHS":"FxI8eNUdXm","Facilities_en":"A jogging track of length 480 m","Facilities_cn":"1條480米長的緩跑徑","Ancillary_facilities_en":"Men's and ladies' changing rooms and toilets (including accessible toilets)","Ancillary_facilities_cn":"男、女更衣室及洗手間 (設有暢通易達洗手間)","Opening_hours_en":"7 am to 6 pm daily","Opening_hours_cn":"每日上午7時至下午6時","Phone":"2777 8946","Remarks_en":null,"Remarks_cn":null,"Longitude":"114-10-17","Latitude":"22-19-41"},{"District_en":"Yuen Long","District_cn":"元朗區","Name_en":"Tin Sau Road Park","Name_cn":"天秀路公園","Address_en":"Tin Sau Road, Tin Shui Wai, Yuen Long","Address_cn":"天水圍天秀路","GIHS":"SFkweteR7o","Facilities_en":"1 Jogging Track (245 metres)","Facilities_cn":"1條長245米的緩跑徑","Ancillary_facilities_en":"Men’s and ladies’ toilets (including accessible toilets)\r\n","Ancillary_facilities_cn":"男、女洗手間（設有暢通易達洗手間）\r\n","Opening_hours_en":"24 hours daily","Opening_hours_cn":"全日開放","Phone":"2478 4342","Remarks_en":"","Remarks_cn":null,"Longitude":"114-0-6","Latitude":"22-27-58"},{"District_en":"North","District_cn":"北區","Name_en":"Fan Leng Lau Road Playground","Name_cn":"粉嶺樓路遊樂場","Address_en":"Fan Leng Lau Road, Luen Wo Hui, Fanling, N.T.","Address_cn":"新界粉嶺聯和墟粉嶺樓路","GIHS":"JAq0wMZcCL","Facilities_en":"Jogging track (320M in length)","Facilities_cn":"緩跑徑 (長320米)","Ancillary_facilities_en":"Men's and Ladies' Toilet <br>Toilet for Persons with a Disability <br>Drinking fountain","Ancillary_facilities_cn":"男、女洗手間及殘疾人士洗手間<br>戶外飲水機","Opening_hours_en":"7 am to 11 am daily and<br>2 pm to 6 pm daily","Opening_hours_cn":"每日上午7時至上午11時 及<br>每日下午2時至晚上6時","Phone":"2679 2818","Remarks_en":"Without Floodlight","Remarks_cn":"無射燈","Longitude":"114-8-27","Latitude":"22-30-2"},{"District_en":"North","District_cn":"北區","Name_en":"Luen Hing Street Sitting-out Area","Name_cn":"聯興街休憩處","Address_en":"J\/O Luen Hing Street & Wo Muk Road, Fanling, N.T.","Address_cn":"新界粉嶺聯和墟和睦路及聯興街交界","GIHS":"5zoZ7weXe9","Facilities_en":"Jogging Tracks (60M in length)","Facilities_cn":"緩跑徑 (長60米)","Ancillary_facilities_en":"","Ancillary_facilities_cn":"","Opening_hours_en":"24 hours daily","Opening_hours_cn":"全日開放","Phone":"2679 2818","Remarks_en":"Without Floodlight","Remarks_cn":"無射燈","Longitude":"114-8-28","Latitude":"22-29-59"},{"District_en":"Southern","District_cn":"南區","Name_en":"Wah Chui Street Sitting-out Area","Name_cn":"華翠街休憩處","Address_en":"Wah Chui Street, Wah Fu Estate, Hong Kong","Address_cn":"香港華富&#37032;華翠街","GIHS":"","Facilities_en":"A jogging track","Facilities_cn":"緩跑徑","Ancillary_facilities_en":"Elderly fitness equipment is provided in the Area.","Ancillary_facilities_cn":"休憩處內設有長者健體設施","Opening_hours_en":"24 hours daily","Opening_hours_cn":"每日24小時開放","Phone":"2555 0103","Remarks_en":"","Remarks_cn":"","Longitude":"114-8-15","Latitude":"22-15-14"},{"District_en":"Southern","District_cn":"南區","Name_en":"Ap Lei Chau Wind Tower Park","Name_cn":"鴨脷洲風之塔公園","Address_en":"Lei Chi Road, Ap Lei Chau, Hong Kong","Address_cn":"香港鴨脷洲利枝道","GIHS":"aKXWmEmFJv","Facilities_en":"A jogging track","Facilities_cn":"緩跑徑","Ancillary_facilities_en":"Toilets, accessible toilet, babycare room and elderly fitness equipment are provided in the Park.","Ancillary_facilities_cn":"公園內設有洗手間、暢通易達洗手間、育嬰間及長者健體設施","Opening_hours_en":"24 hours daily","Opening_hours_cn":"每日24小時開放","Phone":"2555 0103","Remarks_en":"","Remarks_cn":"","Longitude":"114-9-11","Latitude":"22-14-41"},{"District_en":"Sai Kung","District_cn":"西貢區","Name_en":"Sheung Ning Playground","Name_cn":"常寧遊樂場","Address_en":"Sheung Ning Road, Tseung Kwan O","Address_cn":"將軍澳常寧路","GIHS":"KeTJz4QvK9","Facilities_en":"Jogging Track (500M in length)","Facilities_cn":"緩跑徑 (長500米)","Ancillary_facilities_en":"Changing rooms, toilets and disabled toilet<br>Fitness Equipment","Ancillary_facilities_cn":"更衣室、洗手間及殘疾人士洗手間<br>健體器材","Opening_hours_en":"24 hours daily","Opening_hours_cn":"全日24小時","Phone":"2791 3100","Remarks_en":"","Remarks_cn":"","Longitude":"114-15-43","Latitude":"22-18-55"},{"District_en":"Sham Shui Po","District_cn":"深水埗區","Name_en":"Cornwall Street Park","Name_cn":"歌和老街公園","Address_en":"17 Cornwall Street, Kowloon Tong.","Address_cn":"九龍塘歌和老街17號","GIHS":"wpAN17dM0g","Facilities_en":"1 no. of 258-metre jogging track","Facilities_cn":"1條約258米長的緩跑徑","Ancillary_facilities_en":"4 fitness stations, Men's and ladies' toilet (including accessible toilet)","Ancillary_facilities_cn":"4組健身站、男、女洗手間 (設有暢通易達洗手間)","Opening_hours_en":"(24 hours daily)","Opening_hours_cn":"(每日24小時開放)","Phone":"2337 4392","Remarks_en":"","Remarks_cn":"","Longitude":"114-10-26","Latitude":"22-20-20"},{"District_en":"Sha Tin","District_cn":"沙田區","Name_en":"Ma On Shan Promenade","Name_cn":"馬鞍山海濱長廊","Address_en":"Ning Tai Road, Ma On Shan","Address_cn":"馬鞍山寧泰路","GIHS":"X2tjPVE39w","Facilities_en":"<li>Jogging Trail<\/li><li>Fitness Station<\/li><li>Walking Tiles<\/li>","Facilities_cn":"<li>緩跑徑<\/li><li>健體站<\/li><li>足健徑<\/li>","Ancillary_facilities_en":"<li>Men's and ladies' toilets     \r\n<br><li>Accessible Toilets<br>","Ancillary_facilities_cn":"<li>男、女洗手間\r\n<br><li>暢通易達洗手間<br> ","Opening_hours_en":"24 Hours","Opening_hours_cn":"全日開放","Phone":"2643 5320","Remarks_en":null,"Remarks_cn":null,"Longitude":"114-13-13","Latitude":"22-24-32"},{"District_en":"Yuen Long","District_cn":"元朗區","Name_en":"Tin Shui Wai Park","Name_cn":"天水圍公園","Address_en":"No.6, Tin Shui Road, Tin Shui Wai, N.T","Address_cn":"新界天水圍天瑞路6號","GIHS":"5K0bBxQNUU","Facilities_en":"1 Fitness Trail (800 meters)","Facilities_cn":"1條長800米的健身徑","Ancillary_facilities_en":"Men's and ladies' changing rooms and toilets (including accessible toilet)","Ancillary_facilities_cn":"男、女更衣室及洗手間 (設有暢通易達洗手間)","Opening_hours_en":"24 hours daily","Opening_hours_cn":"每日24小時開放","Phone":"2445 5805","Remarks_en":null,"Remarks_cn":null,"Longitude":"114-0-12","Latitude":"22-27-20"},{"District_en":"Yuen Long","District_cn":"元朗區","Name_en":"Yuen Long Park","Name_cn":"元朗公園","Address_en":"Town Park Road North, Yuen Long, N.T.","Address_cn":"新界元朗公園北路","GIHS":null,"Facilities_en":"1 Fitness Trail (870 meters)","Facilities_cn":"1條長870米的健身徑","Ancillary_facilities_en":"Men’s and ladies' toilets (including accessible toilets)","Ancillary_facilities_cn":"男、女洗手間 (設有暢通易達洗手間)","Opening_hours_en":"24 hours daily","Opening_hours_cn":"每日24小時開放","Phone":"2473 6511","Remarks_en":null,"Remarks_cn":null,"Longitude":"114-1-8","Latitude":"22-26-33"},{"District_en":"Islands","District_cn":"離島區","Name_en":"Tung Chung North Park","Name_cn":"東涌北公園","Address_en":"29 Man Tung Road, Tung Chung, New Territories","Address_cn":"新界東涌文東路29號","GIHS":"XJtP9Khs5q","Facilities_en":"1 no. of 200-metre jogging track","Facilities_cn":"1條200米長的緩跑徑","Ancillary_facilities_en":"<li>Toilets and changing rooms with lockers are provided in the Park.<br><li>Drinking fountain","Ancillary_facilities_cn":"<li>公園內設有男 \/ 女洗手間、更衣室及貯物櫃<br><li>飲水器","Opening_hours_en":"24 hours daily","Opening_hours_cn":"每日24小時開放","Phone":"2109 3423","Remarks_en":null,"Remarks_cn":null,"Longitude":"113-56-56","Latitude":"22-17-27"},{"District_en":"Eastern","District_cn":"東區","Name_en":"Aldrich Bay Park","Name_cn":"愛秩序灣公園","Address_en":"10 Oi Tak Street, Sai Wan Ho","Address_cn":"西灣河愛德街10號","GIHS":null,"Facilities_en":"A jogging track\/fitness trail with a length of 450m","Facilities_cn":"一條全長450米的緩跑徑／健身徑","Ancillary_facilities_en":"Men’s and ladies’ toilets (including accessible toilets), babycare room, elderly fitness station and children's play equipment\r\n\r\n\r\n\t\r\n","Ancillary_facilities_cn":"男、女洗手間 (設有暢通易達洗手間)、育嬰室、長者健體園地及兒童遊樂設施","Opening_hours_en":"7am – 11pm daily","Opening_hours_cn":"每日上午7時至晚上11時","Phone":"2967 6975","Remarks_en":null,"Remarks_cn":null,"Longitude":"114-13-28","Latitude":"22-16-56"},{"District_en":"Eastern","District_cn":"東區","Name_en":"Fu Hong Street Sitting-out Area","Name_cn":"富康街休憩處","Address_en":"Fu Hong Street, Chai Wan","Address_cn":"柴灣富康街","GIHS":null,"Facilities_en":"A jogging track\/fitness trail with a length of 185m","Facilities_cn":"一條全長約185米緩跑徑／健身徑","Ancillary_facilities_en":"Pavilion, garden benches and arbour","Ancillary_facilities_cn":"涼亭、公園椅及蔭棚","Opening_hours_en":"24 hours daily","Opening_hours_cn":"每日24小時","Phone":"2562 2137","Remarks_en":null,"Remarks_cn":null,"Longitude":"114-14-56","Latitude":"22-16-8"},{"District_en":"Eastern","District_cn":"東區","Name_en":"Shau Kei Wan Service Reservoir Playground","Name_cn":"筲箕灣配水庫遊樂場","Address_en":"Yiu Hing Road, Shau Kei Wan","Address_cn":"筲箕灣耀興道","GIHS":"DeDFODiJmC","Facilities_en":"A jogging track\/fitness trail with a length of 208m","Facilities_cn":"一條全長約208米緩跑徑／健身徑","Ancillary_facilities_en":"Men’s and ladies’ toilets, elderly fitness station and hard-surface soccer pitch","Ancillary_facilities_cn":"男、女洗手間、長者健體園地及硬地足球場","Opening_hours_en":"7am – 7pm daily","Opening_hours_cn":"每日上午7時至晚上7時","Phone":"2562 2137","Remarks_en":null,"Remarks_cn":null,"Longitude":"114-13-4","Latitude":"22-16-57"},{"District_en":"Wong Tai Sin","District_cn":"黃大仙區","Name_en":"Choi Hung Road Playground","Name_cn":"彩虹道遊樂場","Address_en":"150 Choi Hung Road, San Po Kong","Address_cn":"新蒲崗彩虹道150號","GIHS":"m85zEvbeVr","Facilities_en":"1 Jogging Track (about 410m)","Facilities_cn":"1條緩跑徑 (約410米)","Ancillary_facilities_en":"Men's and ladies' changing rooms and toilets (including accessible toilets)<br>Drinking Fountain","Ancillary_facilities_cn":"男女更衣室及洗手間 (包括暢通易達洗手間)<br>飲水機","Opening_hours_en":"7 am to 11 pm daily","Opening_hours_cn":"每日上午7時至晚上11時","Phone":"2326 2517","Remarks_en":"","Remarks_cn":"","Longitude":"114-11-45","Latitude":"22-20-14"},{"District_en":"Sai Kung","District_cn":"西貢區","Name_en":"Hong Kong Velodrome Park","Name_cn":"香港單車館公園","Address_en":"105-107 Po Hong Road, Tseung Kwan O","Address_cn":"將軍澳寶康路105-107號","GIHS":null,"Facilities_en":"Jogging Track (286M in length)","Facilities_cn":"緩跑徑 (長286米)","Ancillary_facilities_en":"Changing rooms, toilets and disabled toilets<br>Fitness Equipment","Ancillary_facilities_cn":"洗手間及殘疾人士洗手間<br>健體器材","Opening_hours_en":"8am - 10pm daily","Opening_hours_cn":"每日上午8時至晚上10時","Phone":"2878 8621","Remarks_en":null,"Remarks_cn":null,"Longitude":"114-15-42","Latitude":"22-18-49"},{"District_en":"Wong Tai Sin","District_cn":"黃大仙區","Name_en":"Ngau Chi Wan Park","Name_cn":"牛池灣公園","Address_en":"71 Fung Shing Street, Ngau Chi Wan, Kowloon","Address_cn":"九龍黃大仙牛池灣豐盛街71號","GIHS":"bo0YEMwZVW","Facilities_en":"Jogging Tracks of middle platform (about 300M)<br>Jogging Tracks of Upper platform (about 210M) ","Facilities_cn":"1條位於中平台媛跑徑 (約300米)<br> 1條位於高平台緩跑徑(約210米)","Ancillary_facilities_en":"A fee-paying car park with 15 parking spaces on the East side platform  (including 2 accessible parking spaces and 13 parking spaces for private cars) <br>All Platforms have Toilets ( include accessible toilet) <br> Changing rooms on the East side platform (including locker)   ","Ancillary_facilities_cn":"東平台設有15個泊車位( 包括2個暢通易達停車位和13個私家車車位 )的收費停車場 <br>所有平台設有洗手間(包括暢通易達洗手間) <br>東平台設有更衣室 (包括櫃物櫃)   ","Opening_hours_en":"06:30 a.m to 11:00 p.m","Opening_hours_cn":"早上6時30分至晚上11時正","Phone":"2322 9437","Remarks_en":"How to Access：<br>Bus 3M, 3P, 10, 21, 91, 91M, 606<br>Public Light Bus：16A, 16B, 16S\r\n","Remarks_cn":"前往方法：<br>巴士 3M, 3P, 10, 21, 91, 91M, 606<br>小型公共小巴 16A, 16B, 16S","Longitude":"114-12-50","Latitude":"22-20-10"},{"District_en":"Kwun Tong","District_cn":"觀塘區","Name_en":"Kwun Tong Recreation Ground","Name_cn":"觀塘遊樂場","Address_en":"No.6, Tsui Ping Road, Kwun Tong","Address_cn":"觀塘翠屏道6號","GIHS":"vwKpuLya1n","Facilities_en":"Jogging Track","Facilities_cn":"緩跑徑","Ancillary_facilities_en":"<li>Toilets and changing rooms with lockers are provided in the Recreation Ground (including accessible toilet).<\/li>","Ancillary_facilities_cn":"<li>遊樂場內設有洗手間、更衣室及貯物櫃(設有暢通易達洗手間)<\/li>","Opening_hours_en":"24 hours daily","Opening_hours_cn":"每日24小時開放","Phone":"2253 1559","Remarks_en":null,"Remarks_cn":null,"Longitude":"114-13-50","Latitude":"22-18-41"},{"District_en":"Yuen Long","District_cn":"元朗區","Name_en":"Tin Yip Road Park","Name_cn":"天業路公園","Address_en":"Tin Yip Road, Tin Shui Wai, Yuen Long","Address_cn":"天水圍天業路","GIHS":"ByBtZORk1n","Facilities_en":"1 Jogging Track (250 meters)","Facilities_cn":"1條長約250米的緩跑徑","Ancillary_facilities_en":"Men's and ladies' changing rooms and toilets (including accessible toilets)<br>Fee-charging car park with 23 car park spaces (including 1 designated disabled parking space)<br>Babycare Room","Ancillary_facilities_cn":"男、女更衣室及洗手間 (設有暢通易達洗手間)<br>1個可容納23個車位的收費停車場(設有1個暢通易達停車位)<br>育嬰間","Opening_hours_en":"24 hours daily","Opening_hours_cn":"每日24小時開放","Phone":"2682 3197","Remarks_en":null,"Remarks_cn":null,"Longitude":"114-0-27","Latitude":"22-27-48"},{"District_en":"Kwun Tong","District_cn":"觀塘區","Name_en":"Ngau Tau Kok Park","Name_cn":"牛頭角公園","Address_en":"199 Kwun Tong Road, Kowloon","Address_cn":"九龍觀塘道199號","GIHS":"I2a64DY2ls","Facilities_en":"1 fitness station and 1 jogging track","Facilities_cn":"1個健身站及1條緩跑徑","Ancillary_facilities_en":"Toilets and changing rooms are provided in the soccer pitch of the park (the soccer pitch opens from 7 am to 11 pm)  (including accessible toilets)","Ancillary_facilities_cn":"公園的足球場設有洗手間及更衣室 （足球場開放時間為上午7時至晚上11時）  (設有暢通易達洗手間)","Opening_hours_en":"24 hours daily","Opening_hours_cn":"每日24小時開放","Phone":"2343 6123","Remarks_en":null,"Remarks_cn":null,"Longitude":"114-12-54","Latitude":"22-19-23"},{"District_en":"Wong Tai Sin","District_cn":"黃大仙區","Name_en":"Po Kong Village Road Park","Name_cn":"蒲崗村道公園","Address_en":"140 Po Kong Village Road, Diamond Hill, Kowloon","Address_cn":"九龍鑽石山蒲崗村道140號","GIHS":"0B6vh1lr8a","Facilities_en":"1 Jogging Track (about 650m)","Facilities_cn":"1條緩跑徑 (約650米)","Ancillary_facilities_en":"8 sets of Fitness Equipment\r<br>Drinking Fountain \r<br>Men's and ladies' changing rooms and toilets (including accessible toilets)\r<br>A fee-charging car park with 48 parking spaces (including 1 accessible parking space)<br>\r","Ancillary_facilities_cn":"8組健身設備\r\n<br>飲水機\r\n<br>男、女更衣室及洗手間 (設有暢通易達洗手間)\r\n<br>1個可容納48個車位的收費停車場 (設有1個暢通易達停車位)<br>\r\n","Opening_hours_en":"24 hours daily","Opening_hours_cn":"每日24小時開放","Phone":"2320 6140","Remarks_en":null,"Remarks_cn":null,"Longitude":"114-12-16","Latitude":"22-20-37"},{"District_en":"Central & Western","District_cn":"中西區","Name_en":"Hong Kong Park Sports Centre","Name_cn":"香港公園體育館","Address_en":"29 Cotton Tree Drive, Central","Address_cn":"中環紅棉路29號","GIHS":"BzPifUxKW8","Facilities_en":"Indoor Jogging Track (162 meter)","Facilities_cn":"室內緩跑徑 (162米)","Ancillary_facilities_en":null,"Ancillary_facilities_cn":null,"Opening_hours_en":"7 am to 11 pm daily. (Except maintenance day)","Opening_hours_cn":"每日上午7時至晚上11時(定期保養日除外)","Phone":"2521 5072","Remarks_en":null,"Remarks_cn":null,"Longitude":"114-9-33","Latitude":"22-16-38"}]