[{"District_en":"Sha Tin","District_cn":"沙田區","Name_en":"Ma On Shan Park","Name_cn":"馬鞍山公園","Address_en":"12 On Chun Street, Ma On Shan, New Territories","Address_cn":"新界馬鞍山鞍駿街12號","GIHS":"sXOgLTlfAB","Facilities_en":"2 Children’s playgrounds (including 3 nos. of Multi Play Equipment, Composite Play House, Rockings, Rotating Whirl)<br>2 Fitness corners(including Up back Stretch, Riders, 2 nos. of Tai Chi Wheel, 2 nos. of Pull-down Machine,  Calf Shoulder, Back Stretch and Push up). <br>2 pebble walking paths,<br>14 Fitness equipments(including Calf stretch, Warm up,Vertical Ladder, Jump Touch, Sit Up, Chin Up, Balance Beam, Vault Beam, Horizontal Ladder, Beam Run, Spring Up, Step Up, Parallel Bars, Cool Down).","Facilities_b5":"兩個適合兒童使用的遊戲場(包括：三件多用途組件，攀爬架，滑梯，遊戲組合屋，遊戲板及搖搖板)。<br>兩個適合長者使用的健體園地(包括：舒展背肩運動器，健騎機，兩個太極揉推器，兩個上肢伸展器，全身伸展運動器)。<br>兩條卵石徑  <br>十四個健體器材(包括：拉腿，熱身運動，直立攀架，躍跳，仰臥起坐，引體上升，平衡木，跳杆，平行攀架，桿上步走，槓上支撐，踏級運動，雙槓，緩和運動)。           ","Phone":"2643 5320","Photo_1":"1086_1.jpg","Photo_2":"1086_2.jpg","Photo_3":null,"Photo_4":null,"Longitude":"114-13-52","Latitude":"22-25-38"},{"District_en":"Sha Tin","District_cn":"沙田區","Name_en":"Sha Tin Park","Name_cn":"沙田公園","Address_en":"No.2 Yuen Wo Road , Sha Tin, New Territories","Address_cn":"新界沙田源禾路2號","GIHS":"DMXvsIKYYc","Facilities_en":"North Garden<br>1 set of Play Equipment for Toddlers of Age 2 - 5 (including Multi Play Equipment 5 nos. of play panels and Rockings.)<br>1 set of Play Equipment for Children of Age 5 - 12 (including 2 nos. of Multi Play Equipment, 4 Seated Buck-A-Bout, Buoy Bouncer, Sea Horse, Horse, Seal and Fun Trainer.)<br>Middle of the Park<br>1 set of Play Equipment for Elderly (including Stepper, Rider, Tai Chi Wheel, Twister and Stepping Platform.)<br>South Garden<br>1 set of Play Equipment for Toddlers of Age 2 - 5 (including 2 nos. of Multi Play Equipment, Tool Shop, Toy Car, Sports Car and Rockings.)<br>1 set of Play Equipment for Toddlers of Age 5 - 12(2 nos. of Multi play Equipment, 5 nos. of play panels.)<br>1 set of Play Equipment for Disabled.","Facilities_b5":"北園<br>一套適合2 - 5歲兒童使用的組件(包括：攀爬架，滑梯，英文砌圖，遊戲組件及搖搖板。)<br>一套適合5 -12歲兒童使用的組件(包括：兩件多用途組件，遊戲板及搖搖板。)<br>長者設施<br>一套適合長者使用的組件(包括：太極揉推器，健騎機，踏步機，腳踏平台及扭腰機。)<br>南園<br>一套適合2 - 5歲兒童使用的組件(包括兩件多用途組合，攀爬架及搖搖板。)<br>一套適合5 - 12歲兒童使用的組件(包括兩件多用途組合，五塊遊戲板及攀爬架。)<br>一套適合傷殘人士使用的組件","Phone":"2695 9253","Photo_1":"1087_1.jpg","Photo_2":"1087_2.jpg","Photo_3":null,"Photo_4":null,"Longitude":"114-11-24","Latitude":"22-22-46"},{"District_en":"Kwun Tong","District_cn":"觀塘區","Name_en":"Yuet Wah Street Playground","Name_cn":"月華街遊樂場","Address_en":"Yuet Wah Street, Kwun Tong, Kowloon","Address_cn":"九龍觀塘月華街","GIHS":"Nlr9dF0fqQ","Facilities_en":"1 set of Play Equipment for Disable Persons of Age 2-5 (including decks, play panels, slide, ramps and bridge), and<br>1 set of Play Equipment for Children of Age 5-12 (including decks, slides, climbers and play panels)","Facilities_b5":"1套適合2-5歲傷殘人士使用的組件（包括：平台、遊戲板、滑梯、斜道、橋）及<br>1套適合5-12歲兒童使用的組件（包括：平台、滑梯、攀爬架、遊戲板）","Phone":"2797 3928","Photo_1":"1088_1.jpg","Photo_2":"1088_2.jpg","Photo_3":"1088_3.jpg","Photo_4":"1088_4.jpg","Longitude":"114-13-37","Latitude":"22-18-54"},{"District_en":"Wan Chai","District_cn":"灣仔區","Name_en":"Wan Chai Park","Name_cn":"灣仔公園","Address_en":"Bullock Lane, Wan Chai, Hong Kong","Address_cn":"香港灣仔普樂里","GIHS":"oUsLVYiPiw","Facilities_en":"1 Seesaw<br>2 Saddle mate<br>1 Set of Play Equipment for Children of Age 5-12(including climbing frame, slide)","Facilities_b5":"1套搖搖板<br>2套搖搖騎<br>1套適合5-12歲兒童使用的組件(包括攀爬架、滑梯)","Phone":"2879 5511","Photo_1":"1089_1.jpg","Photo_2":"1089_2.jpg","Photo_3":"1089_3.jpg","Photo_4":"1089_4.jpg","Longitude":"114-10-34","Latitude":"22-16-32"},{"District_en":"Wan Chai","District_cn":"灣仔區","Name_en":"Victoria Park","Name_cn":"維多利亞公園","Address_en":"1 Hing Fat Street, Causeway Bay, Hong Kong","Address_cn":"香港銅鑼灣興發街一號","GIHS":"miZxcmDeKy","Facilities_en":"5 sets of Play Equipment for Toddlers of Age 2-5 (including climbing frame, swings, play panels);<br>3 sets of Play Equipment for Children of Age 5-12 (including climbing frame, swings, slides, play panels)                                   ","Facilities_b5":"5套適合2-5歲兒童使用的組件（包括：攀爬架、鞦韆、遊戲板）<br>3套適合5-12歲兒童使用的組件（包括：攀爬架、鞦韆、滑梯、遊戲板)","Phone":"2890 5824","Photo_1":"1090_1.jpg","Photo_2":"1090_2.jpg","Photo_3":"1090_3.jpg","Photo_4":"1090_4.jpg","Longitude":"114-11-18","Latitude":"22-16-57"},{"District_en":"Yuen Long","District_cn":"元朗區","Name_en":"Yuen Long Park","Name_cn":"元朗公園","Address_en":"Town Park Road North, Yuen Long, New Territories","Address_cn":"新界元朗公園北路","GIHS":"zIaqtroUOz","Facilities_en":"3 sets of Play Equipment for Toddlers of Age 2-5 (including swing, seesaw and spring rocking);<br>2 sets of Multi-play Equipment for Toddlers of Age 2-5 (including climbing frame, slide and play panel); <br>1 set of Play Equipment of swing for Children of Age 5-12.<br>1 set of Play Equipment for Children of Age 5-12 (including ramp and play panels)","Facilities_b5":"3套適合2-5歲兒童使用的組件，分別是鞦韆、搖搖板、搖馬；<br>2套適合2-5歲兒童使用的組合（包括有攀爬架、滑梯及遊戲板）；<br>1套適合5-12歲兒童使用的鞦韆。<br>1套適合5-12歲兒童使用的組件(包括斜道及遊戲板)。","Phone":"2473 6511","Photo_1":"1092_1.jpg","Photo_2":"1092_2.jpg","Photo_3":"1092_3.jpg","Photo_4":"1092_4.jpg","Longitude":"114-1-8","Latitude":"22-26-33"},{"District_en":"Yau Tsim Mong","District_cn":"油尖旺區","Name_en":"Cherry Street Park ","Name_cn":"櫻桃街公園","Address_en":"1 Cherry Street, Mong Kok, Kowloon","Address_cn":"九龍旺角櫻桃街1號","GIHS":"eP7Dau4kwi","Facilities_en":"1 set of Play Equipment for Children of Age 2 - 5 (including slide, swing, ride and play panel.)<br>1 set of Play Equipment for Children of Age 5 - 12 (including climbing frame, slide, string climb, bridge, swing and puzzle panel.)","Facilities_b5":"1套適合2-5歲兒童使用的組件 (包括滑梯、鞦韆、騎椅及遊戲板。)<br>1套適合5-12歲兒童使用的組件（包括：攀爬架、滑梯、繩梯、吊橋、鞦韆及拼圖板。)","Phone":"2625 4584","Photo_1":"1093_1.jpg","Photo_2":"1093_2.jpg","Photo_3":"1093_3.jpg","Photo_4":null,"Longitude":"114-9-58","Latitude":"22-18-56"},{"District_en":"Southern","District_cn":"南區","Name_en":"Ap Lei Chau Park","Name_cn":"鴨脷洲公園","Address_en":"Ap Lei Chau Main Street, Aberdeen, Hong Kong","Address_cn":"香港香港仔鴨脷洲大街","GIHS":"0YahZlMnkD","Facilities_en":"1 set of Play Equipment for Toddlers of Age 2-5 (including 10 nos. of play panels);<br>2 sets of Play Equipment for Children of Age 5-12 (including climbing frame, slide); and<br>2 nos. of saddlemate.","Facilities_b5":"1套適合2-5歲兒童使用的組件（包括：10塊遊戲板）、<br>2套適合5-12歲兒童使用的組件（包括：攀爬架、滑梯）及<br>2個搖搖騎。","Phone":"2518 0569","Photo_1":"1094_1.jpg","Photo_2":"1094_2.jpg","Photo_3":"1094_3.jpg","Photo_4":"1094_4.jpg","Longitude":"114-9-28","Latitude":"22-14-42"},{"District_en":"Wong Tai Sin","District_cn":"黃大仙區","Name_en":"Fung Tak Park","Name_cn":"鳳德公園","Address_en":"42, Fung Tak Road, Wong Tai Sin, Kowloon","Address_cn":"九龍黃大仙鳳德道42號","GIHS":"4WX0os0I1H","Facilities_en":"1 set of Play Equipment for Toddlers of Age 2-5 (including climbing frame , slide, play panels);<br>1 set of Play Equipment for Children of Age 5-12 (including climbing frame , slide, play panels).                               ","Facilities_b5":"1套適合2-5歲兒童使用的組件（包括：攀爬架、滑梯、遊戲板）；<br>1套適合5-12歲兒童使用的組件（包括：攀爬架、滑梯、遊戲板）。","Phone":"2350 2680","Photo_1":"1095_1.jpg","Photo_2":"1095_2.jpg","Photo_3":null,"Photo_4":null,"Longitude":"114-11-53","Latitude":"22-20-33"},{"District_en":"Kwai Tsing","District_cn":"葵青區","Name_en":"Kwai Chung San Kui Park","Name_cn":"葵涌新區公園","Address_en":"Tai Wo Hau Road, Kwai Chung, New Territories","Address_cn":"新界葵涌大窩口道","GIHS":"nnqxRWjebW","Facilities_en":"1 set of Play Equipment for Toddlers of Age 2-5 (including climbing frame & slide);<br>1 set of Play Equipment for Children of Age 5-12 (including climbing frame & slide);","Facilities_b5":"1套適合2-5歲兒童使用的組件（包括：攀爬架及滑梯）、<br>1套適合5-12歲兒童使用的組件（包括：攀爬架及滑梯）","Phone":"2424 7201","Photo_1":"1096_1.jpg","Photo_2":"1096_2.jpg","Photo_3":"1096_3.jpg","Photo_4":null,"Longitude":"114-7-52","Latitude":"22-22-3"},{"District_en":"Yau Tsim Mong","District_cn":"油尖旺區","Name_en":"Kowloon Park","Name_cn":"九龍公園","Address_en":"22 Austin Road, Tsim Sha Tsui, Kowloon","Address_cn":"九龍尖沙咀柯士甸道22號","GIHS":"fJjRzFzbeH","Facilities_en":"1 set of Play Equipment for Children of Age 5-12 (including ramp, play panel, swing boat)","Facilities_b5":"1套適合5-12歲兒童使用的組件（包括：斜道、遊戲板、搖船）","Phone":"2724 3344","Photo_1":"1097_1.jpg","Photo_2":null,"Photo_3":null,"Photo_4":null,"Longitude":"114-10-13","Latitude":"22-18-0"},{"District_en":"Central & Western","District_cn":"中西區","Name_en":"Hong Kong Park ","Name_cn":"香港公園","Address_en":"19, Cotton Tree Drive, Central, Hong Kong","Address_cn":"香港中區紅棉路十九號","GIHS":"WuH88p6S47","Facilities_en":"The 1000-square-metre Children's Playground is located on six platforms at different levels. <li>Baby Joice (for Age 2 - 5)<li>Tunnel Slide  (for Age 5 – 12)<li>Air Plane (for Age 2 - 5)<li>Playground Modular Panel (for Age 2 - 5)<li>Superscoop (for Age 5 - 12)<li>Spring Rider (for Age 5 - 12)<li>Adventurescape (for Age 2 - 5)<li>Swing (for Age 2 - 5)<li>Playbooster System\/Space Centre (for Age 5 - 12)<li>The Space Saucer (for Age 5 - 12)<li>The Space Station (for Age 5 - 12)<li>Spring Pod (for Age 2 - 5)<li>Toddler Town (for Age 2 - 5)","Facilities_b5":"佔地1000平方米的兒童遊樂場，位於6個不同高度的平台上。 <li>遊樂組合Baby Joice (2至5歲使用)<li>管道滑梯 (5至12歲使用)<li>飛機 (2至5歲使用)<li>遊樂場遊戲板 (2至5歲使用)<li>挖沙機 (5至12歲使用)<li>彈弓座位 (5至12歲使用)<li>遊樂組合Adventurescape (2至5歲使用)<li>鞦韆 (2至5歲使用)<li>遊樂組合Playbooster System\/Space Centre (2至5歲使用)<li>遊樂組合The Space Saucer (5至12歲使用)<li>遊樂組合The Space Station (5至12歲使用)<li>Spring Pod (2至5歲使用)<li>遊樂組合Toddler Town (2至5歲使用)","Phone":"2521 5041","Photo_1":"1098_1.jpg","Photo_2":"1098_2.jpg","Photo_3":"1098_3.jpg","Photo_4":"1098_4.jpg","Longitude":"114-9-41","Latitude":"22-16-38"},{"District_en":"Kowloon City","District_cn":"九龍城區","Name_en":"Ho Man Tin Park","Name_cn":"何文田公園","Address_en":"No.1 Chung Yee Street, Ho Man Tin, Kowloon","Address_cn":"九龍何文田忠義街1號","GIHS":"MSKgwBPmtd","Facilities_en":"Play Equipment for Toddlers of Age 2-5 (including 3 spring riders, stationary cycler); <br>1 set of Play Equipment for Children of Age 5-12 (including climbing frame, slide and 4 nos. of play panels).","Facilities_b5":"適合2-5歲兒童使用（包括：3隻彈弓馬仔、雙軌滑梯）；<br>1套適合5-12歲兒童使用的組件（包括：攀爬架、滑梯、手腳並用轉架及4塊遊戲板）。","Phone":"2762 7837","Photo_1":"1099_1.jpg","Photo_2":"1099_2.jpg","Photo_3":"1099_3.jpg","Photo_4":null,"Longitude":"114-10-50","Latitude":"22-18-44"},{"District_en":"Sham Shui Po","District_cn":"深水埗區","Name_en":"Lai Chi Kok Park","Name_cn":"荔枝角公園","Address_en":"1 Lai Wan Road, Lai Chi Kok, Kowloon","Address_cn":"九龍荔枝角荔灣道1號","GIHS":"wpAN17dM0g","Facilities_en":"1 set of Play Equipment for Children of Age 5-12  (including climbing frame, swing, slide);<br>3 sets of Play Equipment for Children below the Age of 12  (including climbing frame, swing, slide, climbing wall)","Facilities_b5":"1套適合5-12歲兒童使用的組件 (包括：攀爬架、鞦韆、滑梯)<br>3套適合12歲以下兒童使用的組件 (包括：攀爬架、鞦韆、滑梯、攀爬牆)                                                                                               ","Phone":"2307 0429","Photo_1":"1100_1.jpg","Photo_2":"1100_2.jpg","Photo_3":"1100_3.jpg","Photo_4":"1100_4.jpg","Longitude":"114-8-13","Latitude":"22-20-22"},{"District_en":"Sham Shui Po","District_cn":"深水埗區","Name_en":"Nam Cheong Park","Name_cn":"南昌公園","Address_en":"20 Sham Mong Road, Kowloon","Address_cn":"九龍深旺道20號","GIHS":"areSw6Rl3I","Facilities_en":"1 set of Play Equipment for Toddlers of Age 2-5 (including Play House, Swing, slide);<br>1 set of Fitness Equipment for Children of Age 7-12 (including Push-up Parallel Bar, Horizontal Ladder, Sit-up, Jumping Bar ); and 2 nos. of play panels.<br>1 set of Fitness Equipment for Elderly (including Twister, Stepper, Rider, Pull Down Machine Tai Chi Wheel, Upper Back Stretcher).<br>","Facilities_b5":"1套適合2-5歲兒童使用的組件（包括：遊戲屋、鞦韆、滑梯）、<br>1套適合7-12歲兒童健身使用的組件（包括：掌上壓、雙桿、單桿、仰臥起坐、立定跳高）及<br>2塊遊戲板。<br>1套適合長者健身使用的組件 (包括：扭腰板、腳踏單車、上身伸展器、太查極圈、背撐身展器)。","Phone":"2370 9954","Photo_1":"1101_1.jpg","Photo_2":"1101_2.jpg","Photo_3":"1101_3.jpg","Photo_4":"1101_4.jpg","Longitude":"114-9-27","Latitude":"22-19-27"},{"District_en":"Central & Western","District_cn":"中西區","Name_en":"Mount Austin Playground","Name_cn":"柯士甸山遊樂場","Address_en":"Mount Austin Road, the Peak, Hong Kong","Address_cn":"香港山頂柯士甸山道","GIHS":"xxzwKplhyk","Facilities_en":"3 sets of Play Equipment for Toddlers of Age 2-5 (including  Multi- seat Swing with one cradle seat - 1 set,  Spring riders - 2 nos, Modular Play system - 1 set ).  <br>1 set of Play Equipment for Children of Age 5-12 ( including Multi play system - 1 set ).","Facilities_b5":"3套適合2-5歲兒童使用的組件（包括：鞦韆 - 1組、搖搖馬 - 2個、分單元遊戲組件 - 1套）、<br>1套適合5-12歲兒童使用的組件（包括：多種遊戲組件一套)。","Phone":"2853 2605","Photo_1":"1102_1.jpg","Photo_2":"1102_2.jpg","Photo_3":"1102_3.jpg","Photo_4":"1102_4.jpg","Longitude":"114-8-51","Latitude":"22-16-21"},{"District_en":"Yau Tsim Mong","District_cn":"油尖旺區","Name_en":"Middle Road Children's Playground ","Name_cn":"中間道兒童遊樂場","Address_en":"Middle Road, Tsim Sha Tsui, Kowloon ","Address_cn":"九龍尖沙咀中間道","GIHS":"NoqFVkXgYs","Facilities_en":"1 set of Play Equipment for Children of Age 2 - 5 (including slide, ride and play panel)<br>1 set of Play Equipment for Children of Age 5 - 12 (including climbing frame, slide, bridge and swing)","Facilities_b5":"1 套適合2-5歲兒童使用的組件 (包括滑梯、騎椅及遊戲板。)<br>1套適合5-12歲兒童使用的組件（包括：攀爬架、滑梯、吊橋、鞦韆。)","Phone":"2302 1279","Photo_1":"1103_1.jpg","Photo_2":"1103_2.jpg","Photo_3":null,"Photo_4":null,"Longitude":"114-10-27","Latitude":"22-17-43"},{"District_en":"Islands","District_cn":"離島區","Name_en":"Man Tung Road Park","Name_cn":"文東路公園","Address_en":"55, Man Tung Road, Tung Chung, New Territories","Address_cn":"新界東涌文東路55號","GIHS":"NqIB0BRDi3","Facilities_en":"1 set of Play Equipment for Age 2-5 (including slide, 2 nos. of rocking, 5 nos. of play panel );<br>1 set of play equipment for Age 5-12 (including rocking, climbing-rock board, climbing rope and climbing frame and play game box with stand);<br>Men’s and ladies’ changing rooms and toilets (including accessible toilets)                           ","Facilities_b5":"1套適合2-5歲兒童使用的組件(包括：滑梯、2隻搖搖馬及5塊遊戲板)、1套適合5-12 歲兒童使用的組件(包括：搖搖馬、攀石板、攀爬繩、攀爬架及遊戲組合)、男、女更衣室及洗手間 (設有暢通易達洗手間)","Phone":"2109 2546 \/ 2852 4845","Photo_1":"1104_1.jpg","Photo_2":"1104_2.jpg","Photo_3":"1104_3.jpg","Photo_4":null,"Longitude":"113-56-27","Latitude":"22-17-32"},{"District_en":"Wong Tai Sin","District_cn":"黃大仙區","Name_en":"Lion Rock Park","Name_cn":"獅子山公園","Address_en":"Chuk Yuen Road, Wong Tai Sin, Kowloon","Address_cn":"九龍黃大仙竹園道","GIHS":"P5fuf2N5u4","Facilities_en":"1 set of Play Equipment for Toddlers of Age 2-5 (including climbing frame,  slide and play panels).        ","Facilities_b5":"1套適合2-5歲兒童使用的組件（包括：攀爬架、滑梯、遊戲板）。","Phone":"2337 4648","Photo_1":"1105_1.jpg","Photo_2":"1105_2.jpg","Photo_3":"1105_3.jpg","Photo_4":null,"Longitude":"114-11-2","Latitude":"22-20-41"},{"District_en":"Eastern","District_cn":"東區","Name_en":"Quarry Bay Park","Name_cn":"鰂魚涌公園","Address_en":"Taikoo Shing, Quarry Bay, Hong Kong","Address_cn":"香港鰂魚涌太古城","GIHS":"nZArw8Lcn4","Facilities_en":"The equipment is designed for use by children with and without disabilities.<br>1 set of Play Equipment for Children of Age 5-12 (including climbing frame, slide and 7 nos. of play panels);<br>1 set of Play Equipment for Toddlers of Age 2-5 (inculding rocking horse, swing and 9 nos. of play panels);<br>1 set of Play Equipment for Children of Age 5-12 (including swing, rocking horse, slide, sway boat and 3 nos. of play panels). ","Facilities_b5":"遊樂設施是綜合式設計，以共融為目標，可供傷殘及健全兒童一同享用。<br>1套適合5-12歲兒童使用的組件（包括：攀爬架、滑梯、7塊遊戲板）、<br>1套適合2-5歲兒童使用的組件（包括：搖搖馬、鞦韆、9 塊遊戲板)、<br>1套適合5-12歲兒童使用的組件 (包括：鞦韆、搖搖馬、滑梯、搖搖船、3塊遊戲板）","Phone":"2513 8499","Photo_1":"1106_1.jpg","Photo_2":"1106_2.jpg","Photo_3":"1106_3.jpg","Photo_4":null,"Longitude":"114-12-56","Latitude":"22-17-18"},{"District_en":"North","District_cn":"北區","Name_en":"Po Wing Road Playground","Name_cn":"保榮路遊樂場","Address_en":"Po Wing Road, Sheung Shui, New Territories","Address_cn":"新界上水保榮路","GIHS":"K39HXIj5fS","Facilities_en":"1 set of Play Equipment for Toddlers of Age 2-5 (including climbing frame, slide);<br>1 set of Play Equipment for Children of Age 5-12 (including climbing frame, slide); and<br>4 nos. of play panels and 1 no. of seesaw.","Facilities_b5":"1套適合2-5歲兒童使用的組件（包括：攀爬架、滑梯）、<br>1套適合5-12歲兒童使用的組件（包括：攀爬架、滑梯）、<br>4塊遊戲板及1個蹺蹺板。","Phone":"2679 2838","Photo_1":"1107_1.jpg","Photo_2":"1107_2.jpg","Photo_3":"1107_3.jpg","Photo_4":null,"Longitude":"114-7-46","Latitude":"22-29-47"},{"District_en":"Tai Po","District_cn":"大埔區","Name_en":"Kwong Fuk Park","Name_cn":"廣福公園","Address_en":"Kwong Chun Street, Tai Po, New Territories","Address_cn":"新界大埔廣進街","GIHS":"oQ8gA4SvTu","Facilities_en":"<u>Children Play Equipment Area A (Target User Group : 2-5 years old)<\/u><br>1 set of Mult-Play Equipment (including climbing frame, play panels & slides) ;<br>7 nos. of play panel<br>3 nos. of rocking<br>1 no. of Human Bob<br><br><u>Children Play Equipment Area B (Target User Group : 5-12 years old)<\/u><br>1 set of Multi-Play Equipment (including physical challenging climbers, play panels & slides)","Facilities_b5":"<u>兒童遊樂場A區 (適合2-5歲兒童使用)<\/u><br>1套共融遊戲組合架設施（包括：攀爬架、遊戲板及滑梯）、<br>7塊遊戲板、<br>3件搖擺乘騎設施 及<br>1件發 聲人像<br><br><u>兒童遊樂場B區 (適合5-12歲兒童使用)<\/u><br>1套共融遊戲組合架設施（包括：體能攀爬架、遊戲板及滑梯）","Phone":"3183 9049 \/ 2653 4074","Photo_1":"1108_1.jpg","Photo_2":"1108_2.jpg","Photo_3":"1108_3.jpg","Photo_4":null,"Longitude":"114-10-26","Latitude":"22-26-43"},{"District_en":"Sai Kung","District_cn":"西貢區","Name_en":"Po Hong Park","Name_cn":"寶康公園","Address_en":"Wan Lung Road, Tseung Kwan O, New Territories","Address_cn":"新界將軍澳運隆路","GIHS":"wxKnsizorm","Facilities_en":"2 sets of Play Equipment for Toddlers of Age 2-5 (including climbing frame, slide and play panel);<br>5 sets of Play Equipment for Children of Age 5-12 (including climbing frame, slide and play panel); <br>1 set of swing for Toddlers of Age 2-5; <br>2 sets of swing for Children of Age 5-12.","Facilities_b5":"2套適合2-5歲兒童使用的組件（包括：攀爬架、滑梯及遊戲板）、<br>5套適合5-12歲兒童使用的組件（包括：攀爬架、滑梯及遊戲板）、<br>1套適合2-5歲兒童使用的鞦韆、<br>2套適合5-12歲兒童使用的鞦韆。","Phone":"2791 3100","Photo_1":"1109_1.jpg","Photo_2":"1109_2.jpg","Photo_3":null,"Photo_4":null,"Longitude":"114-15-28","Latitude":"22-19-8"},{"District_en":"North","District_cn":"北區","Name_en":"North District Sports Ground","Name_cn":"北區運動場","Address_en":"No. 26 Tin Ping Road, Sheung Shui, New Territories","Address_cn":"新界上水天平路26號","GIHS":"TgNMkCyKxY","Facilities_en":"1 set of Play Equipment for Toddlers of Age 2-5 (including climbing frame, slide);<br>1 set of Play Equipment for Children of Age 5-12 (including climbing frame, swing, slide); and<br>1 nos. saddle Spinner for Children of Age 5-12.","Facilities_b5":"1套適合2-5歲兒童使用的組件（包括：攀爬架、滑梯）、<br>1套適合5-12歲兒童使用的組件（包括：攀爬架、鞦韆、滑梯）及<br>1個適合5-12歲兒童使用的旋轉&#27336;。","Phone":"2679 4913","Photo_1":"1110_1.jpg","Photo_2":"1110_2.jpg","Photo_3":"1110_3.jpg","Photo_4":null,"Longitude":"114-7-50","Latitude":"22-30-23"},{"District_en":"Tsuen Wan","District_cn":"荃灣區","Name_en":"Shing Mun Valley Park (South Garden)","Name_cn":"城門谷公園(南園)","Address_en":"21 Shing Mun Road, Tsuen Wan, New Territories","Address_cn":"新界荃灣城門道21號","GIHS":"K3dGu4TbGo","Facilities_en":"1 set of Play Equipment for Toddlers of Age 2-5 (Adventure Land – including Dinosaur Land, Wonderland, Maze, Seesaw);<br>1 set of Play Equipment for Children of Age 5-12 (Shing Mun Castle - including Main Castle, Fort, Guard Tower, Cable, Suspension Bridge, Entrance, River)","Facilities_b5":"1套適合2-5歲兒童使用的組件（歷險樂園 - 包括：恐龍天地、兒童樂園、迷宮、搖擺橋）、<br>1套適合5-12歲兒童使用的組件（城門堡 - 包括：主堡、輔堡、哨崗、吊纜、吊橋、城門、護城河）","Phone":"2413 9665","Photo_1":"1111_1.jpg","Photo_2":"1111_2.jpg","Photo_3":null,"Photo_4":null,"Longitude":"114-7-30","Latitude":"22-22-29"},{"District_en":"Kwai Tsing","District_cn":"葵青區","Name_en":"Shek Yam Lei Muk Road Park","Name_cn":"石蔭梨木道公園","Address_en":"Lei Muk Road, Kwai Chung, New Territories","Address_cn":"新界葵涌梨木道","GIHS":"JlAMLvnFuh","Facilities_en":"1 set of Play Equipment for Toddlers of Age 2-5 (including climbing frame & slide);<br>1 set of Play Equipment for Children of Age 5-12 (including climbing frame & slide);<br>2 sets. of Swing; and<br>4 sets. of Spring Rider","Facilities_b5":"1套適合2-5歲兒童使用的組件（包括：攀爬架及滑梯）、<br>1套適合5-12歲兒童使用的組件（包括：攀爬架及滑梯）、<br>2座鞦韆及<br>4座搖馬仔","Phone":"2424 7201","Photo_1":"1112_1.jpg","Photo_2":"1112_2.jpg","Photo_3":"1112_3.jpg","Photo_4":null,"Longitude":"114-8-14","Latitude":"22-22-18"},{"District_en":"Central & Western","District_cn":"中西區","Name_en":"Sai On Lane Children's Playground","Name_cn":"西安里兒童遊樂場","Address_en":"Sai On Lane, Sai Wan, Hong Kong","Address_cn":"香港西環西安里","GIHS":"JfqshAfUBB","Facilities_en":"1 set of play Equipment for  Children of Age 2-5<br>( including 1 set Panel Series and 2 no. Spring Rider) ;<br>1 set of Play Equipment for Children of  Age 5-12<br>(including  slide,climbing frame and play panel)                                   ","Facilities_b5":"1套適合2-5歲兒童使用的組件（包括：遊戲板、搖搖馬）、<br>1套適合5-12歲兒童使用的組件（包括：滑梯、攀爬架及遊戲板)。","Phone":"2853 2575","Photo_1":"1113_1.jpg","Photo_2":"1113_2.jpg","Photo_3":null,"Photo_4":null,"Longitude":"114-8-17","Latitude":"22-17-13"},{"District_en":"Sai Kung","District_cn":"西貢區","Name_en":"Sai Kung Waterfront Park","Name_cn":"西貢海濱公園","Address_en":"Wai Man Road, Sai Kung, New Territories","Address_cn":"新界西貢惠民路","GIHS":"FYLkrNwvlv","Facilities_en":"3 set of Play Equipment for Children of Age 5-12(including climbing frame, swing, slide and play panels);                                    ","Facilities_b5":"3套適合5-12歲兒童使用的組件（包括：攀爬架、鞦韆、滑梯及遊戲板。)","Phone":"2791 3100","Photo_1":"1114_1.jpg","Photo_2":"1114_2.jpg","Photo_3":null,"Photo_4":null,"Longitude":"114-16-29","Latitude":"22-22-57"},{"District_en":"Sai Kung","District_cn":"西貢區","Name_en":"Sheung Ning Playground","Name_cn":"常寧遊樂場","Address_en":"Sheung Ning Road, Tseung Kwan O, New Territories","Address_cn":"新界將軍澳常寧路","GIHS":"KeTJz4QvK9","Facilities_en":"1 set of Play Equipment for Children of Age 2-5 (including climbing frame, swing, slide and play panels);                                    <br>2 sets of Play Equipment for Children of Age 5-12 (including climbing frame, slide and play panel); ","Facilities_b5":"1套適合2-5歲兒童使用的組件（包括：攀爬架、鞦韆、滑梯及遊戲板。)<br>2套適合5-12歲兒童使用的組件（包括：攀爬架、滑梯及遊戲板）","Phone":"2791 3100","Photo_1":"1115_1.jpg","Photo_2":"1115_2.jpg","Photo_3":null,"Photo_4":null,"Longitude":"114-15-43","Latitude":"22-18-55"},{"District_en":"Islands","District_cn":"離島區","Name_en":"Tung Chung North Park","Name_cn":"東涌北公園","Address_en":"29 Man Tung Road, Tung Chung, New Territories","Address_cn":"新界東涌文東路29號","GIHS":"XJtP9Khs5q","Facilities_en":"1 set of Play Equipment for Age 2-5 (including 2 riders, 4 play panels) and<br>1 set of Play Equipment for Age 5-12 (including climbing frame and slide)","Facilities_b5":"1套適合2-5歲兒童使用的組件 (包括2隻搖馬及4塊遊戲板)<br>1套適合5-12 歲兒童使用的組件 (包括攀爬架、滑梯)","Phone":"2109 3423","Photo_1":"1116_1.jpg","Photo_2":"1116_2.jpg","Photo_3":null,"Photo_4":null,"Longitude":"113-56-56","Latitude":"22-17-27"},{"District_en":"Kwai Tsing","District_cn":"葵青區","Name_en":"Tsing Yi Northeast Park","Name_cn":"青衣東北公園","Address_en":"No. 10, Tam Kon Shan Road, Tsing Yi, New Territories","Address_cn":"新界青衣担杆山路10號","GIHS":"mmUuxFQDGX","Facilities_en":"1 set of Play Equipment for Toddlers of Age 2-5 including a telescope, slides and different kinds of play panels);<br>2 spring riders; and <br>1 set of seesaw.<br>1 set of Play Equipment for Children of Age 5-12 (including a rock blocks, a pikes peak and a bridge); <br>1 set of Balance Beam;<br>1 set of Spring Rocket; and <br>1 set of Swing.","Facilities_b5":"1套適合2-5歲兒童使用的組件（包括：聰明望遠鏡、繽紛滑梯及不同種類的遊戲板）、<br>2隻動物型搖擺馬仔及<br>1個彈弓搖搖板。<br>1套適合5-12歲兒童使用的組件（包括：兒童攀石牆、歷險天梯及八達橋）、<br>1套平衡木組合、<br>1套彈弓太空火箭及<br>1座共融鞦韆。","Phone":"2436 3422","Photo_1":"1118_1.jpg","Photo_2":"1118_2.jpg","Photo_3":null,"Photo_4":null,"Longitude":"114-5-56","Latitude":"22-21-45"},{"District_en":"Tai Po","District_cn":"大埔區","Name_en":"Tai Po Waterfront Park","Name_cn":"大埔海濱公園","Address_en":"Dai Fat Street, Tai Po, New Territories","Address_cn":"大埔大發街","GIHS":"TIvqY40FUn","Facilities_en":"<u>Science Children's Playground<\/u><br>1 set of Multi-Play Equipment for Children of Age 5-12 (including climbing frame, play panels, slide) ;<br>2 nos. of rocking ; and<br>2 nos. of puzzle box<br><br><u>Technology Children's Playground<\/u><br>2 sets of Multi-Play Equipment for Children of Age 5-12 (including climbing frame, play panels, slide) ;<br>2 nos. of rocking ; and<br>8 nos. of play panel<br><br><u>Senses Children's Playground<\/u><br>1 set of Multi-Play Equipment for Children of Age 5-12 (including climbing frame, play panels, slide) ;<br>1 set of Multi-Play Equipment for Children of Age 2-5 (including play panels, slide) ;<br>1 set of swing for Children of Age 2-5 ; and<br>2 nos. of rocking\r\n<br><br><u>Adventure Children's Playground<\/u><br>\r\n1 set of Multi-Play Equipment for Children of Age 5-12 (including climbing frame, play panels, slide) ;<br>\r\n1 set of play panel for Children of Age 2-5 ; and<br>\r\n3 nos. of rocking","Facilities_b5":"<u>科學兒童遊樂場<\/u><br>1套適合5-12歲兒童使用的共融遊戲組合架設施（包括：攀爬架、遊戲板、滑梯）、<br>2件搖擺乘騎設施 及<br>2塊砌圖板<br><br><u>科技兒童遊樂場<\/u><br>2套適合5-12歲兒童使用的共融遊戲組合架設施（包括：攀爬架、遊戲板、滑梯）、<br>2件搖擺乘騎設施 及<br>8塊遊戲板<br><br><u>感官兒童遊樂場<\/u><br>1套適合5-12歲兒童使用的共融遊戲組合架設施（包括：攀爬架、遊戲板、滑梯）、<br>1套適合2-5歲兒童使用的共融遊戲組合架設施（包括：遊戲板、滑梯）、<br>1套適合2-5歲兒童使用的鞦韆 及<br>2件搖擺乘騎設施\r\n<br><br><u>歷奇兒童遊樂場<\/u><br>\r\n1套適合5-12歲兒童使用的共融遊戲組合架設施（包括：攀爬架、遊戲板、滑梯）、<br>\r\n1套適合2-5歲兒童使用的共融遊戲板及<br>\r\n3件搖擺乘騎設施\r\n","Phone":"2667 5489","Photo_1":"1119_1.jpg","Photo_2":"1119_2.jpg","Photo_3":"1119_3.jpg","Photo_4":"1119_4.jpg","Longitude":"114-10-44","Latitude":"22-27-7"},{"District_en":"Kowloon City","District_cn":"九龍城區","Name_en":"To Kwa Wan Recreation Ground","Name_cn":"土瓜灣遊樂場","Address_en":"66 Ha Heung Road, To Kwa Wan, Kowloon","Address_cn":"九龍土瓜灣下鄉道66號","GIHS":"9Aug4OGCIS","Facilities_en":"1 set of Play Equipment for Toddlers of Age 2-5 (including swing, slide);<br>1 set of Play Equipment for Children of Age 5-12 (including climbing frame, swing, slide); 2 nos. of riders and 6 nos. of play panels.","Facilities_b5":"1套適合2-5歲兒童使用的組件（包括：鞦韆、滑梯）、<br>1套適合5-12歲兒童使用的組件（包括：攀爬架、鞦韆、滑梯）、2隻搖搖馬及6塊遊戲板。","Phone":"2364 9285","Photo_1":"1120_1.jpg","Photo_2":"1120_2.jpg","Photo_3":"1120_3.jpg","Photo_4":"1120_4.jpg","Longitude":"114-11-26","Latitude":"22-19-9"},{"District_en":"Tsuen Wan","District_cn":"荃灣區","Name_en":"Tsuen Wan Park","Name_cn":"荃灣公園","Address_en":"59 Wing Shun Street, Tsuen Wan, New Territories","Address_cn":"新界荃灣永順街59號","GIHS":"jebQerJrxW","Facilities_en":"2 sets of Play Equipment for Toddlers of Age 2-5 (including spring riders, slides);<br>2 sets of Play Equipment for Children of Age 5-12 (including climbing wall, swings, slides)","Facilities_b5":"2套適合2-5歲兒童使用的組件（包括：搖搖椅、滑梯）、<br>2套適合5-12歲兒童使用的組件（包括：鞦韆、滑梯及爬山牆)","Phone":"2408 9592","Photo_1":"1121_1.jpg","Photo_2":"1121_2.jpg","Photo_3":"1121_3.jpg","Photo_4":"1121_4.jpg","Longitude":"114-6-46","Latitude":"22-22-2"},{"District_en":"Southern","District_cn":"南區","Name_en":"Repulse Bay Beach Children's Playground","Name_cn":"淺水灣海灘兒童遊樂場","Address_en":"16 Beach Road, Repulse Bay, Hong Kong","Address_cn":"香港淺水灣泳灘道16號","GIHS":"hkuJPLHd94","Facilities_en":"play equipment for children with disabilities(including merry-go-round, seesaw);<br>play equipment for children(including merry-go-round, climbing frames)","Facilities_b5":"共融兒童遊樂設施(包括：&#27705;&#27705;轉、蹺蹺板)、<br>兒童遊樂設施(包括：&#27705;&#27705;轉、攀爬架) ","Phone":"2555 0103","Photo_1":"1124_1.jpg","Photo_2":"1124_2.jpg","Photo_3":"1124_3.jpg","Photo_4":"1124_4.jpg","Longitude":"114-11-51","Latitude":"22-14-11"},{"District_en":"Yuen Long","District_cn":"元朗區","Name_en":"Tin Shui Wai Park","Name_cn":"天水圍公園","Address_en":"No.6 Tin Shui Road, Tin Shui Wai, Yuen Long, N.T.","Address_cn":"新界元朗天水圍天瑞路六號","GIHS":"5K0bBxQNUU","Facilities_en":"Phase I:<br>Area A - 1 set of Balance Components for Children of Age 5-12 (including lift up, seesaw & turning bar) <br>Area B - 1 set of Climber for Children of Age 5-12<br>Area C - 1 set of Multi-play Equipment for Children of Age 5-12 (including decks, bridges, climbers, slides & play panels)<br>Area D - 1 set of Challenge Components for Children of Age 5-12 (including climbers & balance beam)<br>Area E - 1 set of Play house for Children of Age 2-5 (including play panels)<br>Area F - 1 set of Play Equipment for Children of Age 2-5 (including riders & climbers)<br>Area G - 1 set of Multi-play Equipment for Children of Age 2-5 (including slide, play panels, see-saw & rider)<br>Area H - 1 set of Multi-play Equipment for Children of Age 2-5 (including decks, bridges, climbers, slides, swings & play panels)<br><br>Phase II:<br>1 set of Inclusive Multi-play Equipment for Children of Age 5-12 (including decks, bridges, ramps, slides, climbers, play panels & fitness challenge) (Wheelchair accessible)<br>1 set of Multi-play Equipment for Children of Age 2-5 (including slides, play house, saddle mates & play panels)","Facilities_b5":"一期：<br>A區 - 1套適合5-12歲兒童使用的平衡組合（包括：引體上升、搖搖板及遊戲板）<br>B區 - 1套適合5-12歲兒童使用的攀爬架<br>C區 - 1套適合5-12歲兒童使用的多用途遊戲設施（包括：平台、橋、攀爬架 、滑梯及遊戲板）<br>D區 - 1套適合5-12歲兒童使用的挑戰組合（包括：攀爬架及平衡杆）<br>E區 - 1套適合2-5歲兒童使用的遊戲組合屋（包括：遊戲板）<br>F區 - 1套適合2-5歲兒童使用的遊戲組件（包括： 搖搖椅及攀爬架）<br>G區 - 1套適合2-5歲兒童使用的多用途遊戲設施（包括：滑梯、遊戲板、搖搖板及搖搖椅）<br>H區 - 1套適合2-5歲兒童使用的多用途遊戲設施（包括：平台、橋、攀爬架 、滑梯、鞦韆及遊戲板）<br><br>二期：<br>1套適合5-12歲兒童使用的共融多用途遊戲設施（包括：平台、橋、斜道、滑梯、爬山牆、遊戲板及體能測試) (輪椅可進入)<br>1套適合2-5歲兒童使用的多用途遊戲設施（包括：滑梯、遊戲組合屋、搖搖椅及遊戲板）","Phone":"2445 5805","Photo_1":"1132_1.jpg","Photo_2":"1132_2.jpg","Photo_3":"1132_3.jpg","Photo_4":"1132_4.jpg","Longitude":"114-0-12","Latitude":"22-27-20"},{"District_en":"Tuen Mun","District_cn":"屯門區","Name_en":"Tsing Tin Playground","Name_cn":"青田遊樂場","Address_en":"Leung Wan Street, Tuen Mun","Address_cn":"屯門良運街","GIHS":"i5NeySzqE7","Facilities_en":"1 set of play equipment for children aged between 5 and 12 (including decks, play panels, slides, a ramp, bridges, ladders and climbers)","Facilities_b5":"1套適合5至12歲兒童使用的組合（包括平台、遊戲板、滑梯、斜道、橋、爬梯及其他攀爬設施）","Phone":"2451 3012","Photo_1":"1275_1.jpg","Photo_2":"1275_2.jpg","Photo_3":"1275_3.jpg","Photo_4":"1275_4.jpg","Longitude":"113-58-5","Latitude":"22-24-22"},{"District_en":"Wan Chai","District_cn":"灣仔區","Name_en":"Wong Nai Chung Road Crescent Garden","Name_cn":"黃泥涌道新月花園","Address_en":"Wong Nai Chung Road, Happy Valley, Hong Kong","Address_cn":"香港跑馬地黃泥涌道","GIHS":"vhrz4OouUm","Facilities_en":"<li>1 set of Play Equipment for Toddlers of Age 2-5 (including climbing frame, swings and play panels). <br><li>1 set of Play Equipment for Children of Age 5-12 (including climbing frame, slides, play panels, sway boat and climbing wall).","Facilities_b5":"<li>1套適合2-5歲兒童使用的組件（包括：攀爬架、鞦韆、遊戲板)<br><li>1套適合5-12歲兒童使用的組件（包括：攀爬架、滑梯、遊戲板、搖搖船、攀爬牆）","Phone":"2895 1523","Photo_1":"1289_1.jpg","Photo_2":"1289_2.jpg","Photo_3":"1289_3.jpg","Photo_4":"1289_4.jpg","Longitude":"114-11-3","Latitude":"22-16-13"},{"District_en":"Sai Kung","District_cn":"西貢區","Name_en":"Tiu Keng Leng Sports Centre (District Open Space)","Name_cn":"調景嶺體育館 (戶外休憩用地)","Address_en":"2 Chui Ling Road, Tseung Kwan O, N.T.","Address_cn":"將軍澳翠嶺路二號","GIHS":"4w24kA9ZGA","Facilities_en":"2 sets of Multi-play Equipment for Children of Age 5-12 (including climbing frame & net, slide)<br>\r\n1 set of Stand-alone equipment for Children of Age 5-12 – Wheel Equipment<br>\r\n1 set of Multi-play Equipment for Children of Age 2-5 (including climbing frame, slide)<br>\r\n2 sets of Stand-alone equipment for Children of Age 2-5 – Sailing & 3-seater Rocking ","Facilities_b5":"2套適合5-12歲兒童使用的組件(包括攀爬架及繩網、滑梯)<br>\r\n1套適合5-12歲兒童使用的獨立轉輪<br>\r\n1套適合2-5歲兒童使用的組件(包括攀爬架、滑梯)<br>\r\n2套適合2-5歲兒童使用的獨立組件 - 帆船及3座位搖搖椅\r\n","Phone":"2481 5033","Photo_1":null,"Photo_2":null,"Photo_3":null,"Photo_4":null,"Longitude":"114-15-17","Latitude":"22-18-22"},{"District_en":"Tuen Mun","District_cn":"屯門區","Name_en":"Tuen Mun Park","Name_cn":"屯門公園","Address_en":"Tuen Mun Heung Sze Wui Road, Tuen Mun","Address_cn":"屯門鄉事會路","GIHS":"anub7Fp9zb","Facilities_en":"<p>The Children’s Playground at Tuen Mun Park is composed of two portions, namely the Southern Portion and the Northern Portion, with seven play zones. <\/p>\r\n\r\n<strong><br>Northern Playground <\/strong><br>\r\n<li>Contour Play Zone (for Children of Age 2-12), including Trampoline, Balance Plate, Talk Tubes\r\n<\/li><li>Musical Zone (for Children of Age 2-12), including Melody Chime, Drums\r\n<\/li><li>Flower Dew Plaza (for Children of Age 3-10) including Water Play Equipment<\/li>\r\n\r\n<strong><br>Southern Playground<\/strong><br>\r\n<li>Reptile Paradise (for Children of Age 2-12), including Climbing Tower, Climbing Net, Climbing Rope, Roller Slide, Embankment Slides\r\n<\/li><li>Spinning Zone (for Children of Age 2-12), including Rotating Climbing Tower, Carousel\r\n<\/li><li>Egg Hunter (for Children of Age 2-12), including Egg Hunting Sand Pit, Climbing Rock, Sand Play Table\r\n<\/li><li>Sensory Wall (for people of all Ages), including Sensory Wall\r\n<\/li><li>Swing Area (for Children of Age 2-12), including Cocoon Seating, Swings<\/li>","Facilities_b5":"<p>屯門公園兒童遊樂場，分為南北兩部分，共有七個遊玩主題區。<\/p>\r\n\r\n<strong><br>北面遊樂場<\/strong><br>\r\n<li>山丘地帶(適合2至12歲兒童)，包括：彈床、平衡轉盤、傳聲筒\r\n<\/li><li>音樂感官(適合2至12歲兒童)，包括：音樂敲擊管、鼓陣\r\n<\/li><li>光影荷花(適合3至10歲兒童)，包括：嬉水設施<\/li>\r\n\r\n<strong><br>南面遊樂場<\/strong><br>\r\n<li>爬蟲樂園(適合2至12歲兒童)，包括：攀爬塔、繩網、攀爬繩、滾筒滑梯、滑梯\r\n<\/li><li>旋轉地帶(適合2至12歲兒童)，包括：繩網氹氹轉、氹氹轉\r\n<\/li><li>獵蛋樂園(適合2至12歲兒童)，包括：獵蛋沙池、 攀爬石山、沙檯\r\n<\/li><li>感官地帶(適合任何年齡人士)，包括：觸感牆\r\n<\/li><li>韆鞦區(適合2至12歲兒童)，包括：搖擺旋轉球、各式韆鞦<\/li>","Phone":"2451 1144","Photo_1":"2124_1.jpg","Photo_2":"2124_2.jpg","Photo_3":"2124_3.jpg","Photo_4":"2124_4.jpg","Longitude":"113-58-24","Latitude":"22-23-31"}]